	english	sinhala	Similarity score
4745	File %1 does not exist	% 1 ගොනුව හමුවූයේ නැත	0.2666587496218434
3219	%1 does not exist	මිනිත්තු	0.2634567492285808
4766	Could not install %1	% 1 ස්ථාපනය කළ නොහැකි විය	0.25854263603907207
833	%1 selected	% 1 තෝරාගන්නා ලදි@ info: status	0.2581596599907559
2322	Could not open file %1	% 1 ගොණුව විවෘත කල නොහැක	0.2556244938582702
2986	File does not exist: %1	ගොනුව නොපවතී:% 1	0.25181087203815317
1008	Select Filename	ගොනු නාමයක් තෝරන්න@ info	0.2515703422821546
2329	"Error: Unable to open configuration file ""smb. conf"""	"වරදක්: ""smb. conf"" සැකසුම් ගොණුව සොයාගත නොහැක"	0.25146700321597254
3458	Cannot save file %1	% 1 ගොනුව සුරකිය නොහැක	0.2483150294366115
4586	(do not know yet)	(තවමත් නොදනි)	0.24817137839482978
3097	Could not write to %1	% 1 වෙත ලිවිය නොහැක	0.2450471142432184
1864	Open new windows:	නව කවුළු විවෘත කරන්න:	0.24446283177390418
2097	None selected (change...)	තෝරා නොමැත (වෙනස් කරන්න...) NAME OF TRANSLATORS	0.24318331566455656
3127	Open a new tab	නව ටැගයක් අරින්න	0.24233548968257784
4583	Select Files...	ගොනු තෝරන්න...	0.24218736916419034
4314	Script error: Argument to setHtml() was not a string	සක්‍රිප්ට දෝශයක්: setHtml () වෙත ඇති තර්‍කය යෙදුමක් නොවේ	0.2416117336393527
3185	Add New	නව එක් කිරීම	0.24154720603119298
3071	No actions for WM_CLASS	WM_ CLASS සඳහා ක්‍රියාවන් නොමැත	0.24038201833363274
1080	Retry search	සෙවීම නැවත උත්සාහ කරන්න@ info: tooltip	0.23997880229229218
4315	Script error: Argument to fileExists() was not a string	ස්ක්‍රිප්ට දෝශයක්: fileExists () තර්‍කය යෙදුමක් නොවෙ	0.2399582043841856
4806	File not found: %1	ගොනුව හමුවූයේ නැත:% 1	0.2389802064433229
3218	Select type:	වර්‍ගය තෝරන්න:	0.2388828153768363
2465	Unable to create folder %1	% 1 බහාළුම සැකසිය නොහැකි විය	0.23799165227188437
1259	Select All	සියල්ල තෝරන්න	0.23795571978287858
894	Select All	සියල්ල තෝරන්න@ action: inmenu View	0.23795571895734574
1227	"Do you really want to deactivate ""%1""?"	"ඔබට ඇත්තෙන්ම ""% 1"" අක්‍රීය කිරීමට අවශ්‍යද?"	0.23753632579870843
3455	The file %1 does not contain valid XML.	% 1 ගොනුච සතුව වලංගු XML නොපවතී.	0.23730033681913446
4379	Choose Image	පිංතූරයක් තෝරන්න	0.23708211110878039
2540	restart computer	පරිගණකය ප්‍රථිපණගන්වන්න	0.23701803253311474
4729	%1 options:	විකල්ප% 1 ක්:	0.2368438816347515
3217	Select Type	වර්‍ගය තෝරන්න	0.23653299536721425
4642	"Library ""%1"" not found"	"""% 1"" පුස්තකාලය හමුවුයේ නැත"	0.23610342446510493
4351	This process was run with the following command: %1	මෙම සැකසුම පහත විධානය සමඟ ක්‍රියාත්මක වේ:% 1	0.23606559928639045
3460	Select Display Type	දර්ශක වර්‍ගය තෝරන්න	0.23565957668778587
1163	(usually X)	(සාමාන්‍යයෙන් X)	0.23561205379291986
2482	Select users and groups:	තෝරාගත් පරිශීලකයන් හා කණ්ඩායම් (e)	0.23549155712289518
2944	The URL %1 is malformed	URL% 1 වැරදියට දක්වා ඇත	0.23527184098144302
853	Unselect All	සියල්ල තෝරන්න@ action: inmenu Edit	0.2352445465623491
4704	sets the application name	පෙරනිමි යෙදුම් නාමය සකසයි	0.2351855885177216
1419	"Are you sure you wish remove the ""%1"" theme?"	"""% 1"" තේමාව ඉවත් කිරීමට අවශ්‍යබව විශ්වාසද?"	0.23499417593148086
27	"Remove From ""%1"""	Nepomuk එකතුව	0.23433075435813402
2800	"Could not access ""%1""."	සාවද්‍ය රහස්පදයය, කරුණාකර යළි උත්සාහ කරන්න.	0.23433063410148905
2644	Are you sure you wish to delete: %1	ඔබට මැකීමට අවශ්‍ය බව ඔබට විශ්වාස ද:% 1	0.23391600102238794
714	Date and Time	දිනය සහ වේලාවComment	0.2338385387232481
4514	Do not use Xvfb	Xvfb භාවිතා නොකරන්න	0.23382981365844913
3252	Deselect All	තේරු සියල්ල අත්හරින්න	0.23372752195352295
4002	Deselect All	සියල්ල තේරීම අවලගු කරන්න	0.2337275123894903
4026	The JobView for %1 cannot be found	% 1 සඳහා කාර්‍යය දසුන සොයාගත නොහැක	0.23298792583737388
4316	Script error: Argument to readFile() was not a string	සක්‍රිප්ට දෝශයක්: readFile () වෙත ඇති තර්‍කය යෙදුමක් නොවේ	0.23273854658172086
3451	Use selection color	තේරීම වර්ණය භාවිත කරන්න	0.23268924900024623
2539	turn off computer	පරිගණකය වසාදමන්න	0.23268232366664898
2837	Failed to run qdbusviewer	qdbusviewer ක්‍රියාත්මක කිරීම අසාර්ථකයි	0.2310116046695402
3633	Enter a new password:	නව මුරපදයක් ඇතුළු කරන්න:	0.2309885308616441
4158	Unable to load script file: %1	'% 1' විවෘත කළ නොහැක	0.23075904670798697
4367	Error: %1 does not have the interface StorageAccess.	දෝෂය:% 1 හට StorageAccess අතුරු මුහුණතක් නැත.	0.230065923073526
3454	Cannot open the file %1.	% 1 ගොනුව විවෘත කළ නොහැක.	0.2295884217154732
908	Maximum file size:	උපරිම ගොනු ප්‍රමාණය: @ option: check	0.22955967680755734
2719	Do you really want to enable '%1'?	ඔබට '% 1' සක්‍රීය කිරීමට අවශ්‍ය ද?	0.22882947190798575
414	Save the date/ time settings	දිනය සහ වේලා සැකසුම් සුරකින්නDescription	0.22881952430134986
4733	Could not launch the browser: %1	ගවේෂකය ඇරඹිය නොහැකි විය:% 1	0.22869906753872463
3999	Show All Files	සියළු ගොනු පෙන්වන්න	0.22821276142085983
3463	Remove Display	දර්ශකය ඉවත් කරන්න	0.22820941250665147
4370	networking: is not enabled	ජාලය: සක්‍රීයව නැත	0.22794724422200052
3612	Switch to %1	% 1 වෙත මාරුවන්න	0.22793170802650908
2328	Error: Unable to run smbstatus	වරදක්: smbstatus ක්‍රියා කරවිය නොහැක	0.22781210425080353
4725	Show all options	සියළු විකල්ප පෙන්වන්න	0.22754957603230438
1231	"Do you really want to activate ""%1""?"	"ඔබට ඇත්තෙන්ම ""% 1"" සක්‍රීය කිරීමට අවශ්‍යද?"	0.22753396228460682
3416	Failed to remove theme '%1 '	'% 1' තේමාව ඉවත් කිරීම අසාර්ථකයි	0.22752027172476696
2677	Failed to download %1	% 1 බෑම අසාර්ථකයි	0.2273341750002273
4150	Go to %1	% 1 වෙතට යන්න	0.22637351466461372
2709	Failed to open %1 for writing	ලිවීම සඳහා% 1 විවෘත කල නොහැකි විය	0.22619225130195575
4604	Do you want to reload KDE configuration?	ඔබට KDE මානකරණය යළි පූරණය කිරීමට ඇවශ්‍යද? Reload KDE configuration messagebox	0.22617997777922216
3530	& Remove Display	සංදර්ශනය ඉවත් කරන්න (R)	0.22616729220127768
2661	A group named '%1 'already exists.	'% 1' නමින් දැනටමත් සමූහයක් ඇත.	0.2258734791072514
3417	(Could not load theme)	(තේමාව පූර්ණය කල නොහැක) Unknown name	0.22577476653894812
3163	Open the document in a new window	ලේඛනය නව කවුළුවක විවෘත කරන්න	0.22552535894601292
307	Google News	Google ප්‍රවෘත්තිQuery	0.22546791995347723
4636	%1 - unknown type of userpath	% 1 - පරිශීලක මාර්‍ගයේ නොදන්නා ආකාරයක්	0.22526710297753633
4651	"Configuration file ""%1"" not writable."	"""% 1"" සැකසුම් ගොනුවට ලිවිය නොහැක. Socket error code NotSupported"	0.22517029313658396
3278	Delete the selected profile(s)	තෝරාගත් පැතිකඩ මකන්න	0.22489921491888584
1568	Unable to start service %1. Error: %2	සේවාව ආරම්භ කල නොහැකි විය% 1. වරදක්:% 2	0.22482069117835582
26	Additional options:	අමතර විකල්ප:	0.22460401240421662
2848	Failed to start service '%1 '.	'% 1' සේවාව ආරම්භ කිරීම අසාර්ථකයි.	0.22448591547972738
3033	new command	නව විධානයක්	0.22448120998033155
1164	(usually Y)	(සාමාන්‍යයෙන් Y)	0.22422777811922057
2356	Do not display main window	ප්‍රධාන කවුළුව නොපෙන්වන්න	0.22417749397316086
3462	Remove this display?	මෙම දර්ශකය ඉවත් කරන්නද	0.22409519977916367
4746	Cannot open %1 for reading	කියවීම සඳහා% 1 විවෘත කළ නොහැක	0.22392082852211034
1311	Are you sure you want to remove the program ` %1 '?	ඔබට `% 1 'වැඩසටහන ඉවත් කල යුතුබවට විශ්වාසද?	0.22370525867500374
4743	Could not launch the KDE Help Center: %1	KDE උදව් මධ්‍යස්ථානය ඇරඹිය නොහැකි විය:% 1	0.22316447451889507
100	A newer file named '%1 'already exists.	'% 1' නමැති නව ගොණුවක් දැනටමත් පවතී.	0.2230742659701132
4368	Error: %1 does not have the interface OpticalDrive.	දෝෂය:% 1 හට OpticalDrive අතුරු මුහුණතක් නැත.	0.22258783803004448
4822	Do not save data	දත්ත නොසුරකින්න	0.22227038728968226
2720	Do you really want to disable '%1'?	ඔබට '% 1' අක්‍රීය කිරීමට අවශ්‍ය ද?	0.22221563623503837
3652	GLX/ OpenGL and XRender/ XFixes are not available.	GLX/ OpenGL හා XRender/ XFixes නොපවතී.	0.2220553286482142
1482	Module %1 not found	% 1 මොඩියුලය හමු නොවිණි	0.2220414033146466
2620	All Images	සියලු පින්තූර	0.22173388275629563
2691	Create a new group	නව සමූහයක් නිර්මාණය කරන්න	0.22167630016505413
2729	"Please specify ""%1"" or ""%2""."	"කරුණාකර ""% 1"" හෝ ""% 2"" දක්වන්න."	0.22127308395540138
4791	Downloads: %1	බාගැනීම්:% 1	0.22125622566638312
98	An older file named '%1 'already exists.	'% 1' නමැති පැරණි ගොණුවක් දැනටමත් පවතී.	0.22111199688390126
25	Deleting files	ගොනු මකමින්	0.22095777544140857
1169	The given device %1 could not be opened: %2	දෙන ලද% 1 උපකරණය විවෘත කල නොහැක:% 2	0.22069816219979455
2695	Delete all selected fonts	තෝරාගත් සියලු අකුරු මකන්න	0.2206893147287787
4004	Cannot See Any Files?	කිසිඳු ගොනුවක් දැකිය නොහැකිද?	0.220672581632176
3692	Switch to Screen 1	1 වන තිරයට මාරුවන්න	0.22065662083309717
3142	Copy selected files from %1 to:	තෝරාගත් ගොනුව% 1 වෙතට පිටපත් කරමින්:	0.22046216421280615
3406	There is no user called %1.	% 1 නමින් හැඳින්වෙන පරිශීලකයෙක් නොමැත.	0.2203927964827876
4372	wireless: is not enabled	රැහැන් රහිත: සක්‍රීයව නැත	0.22015238563392456
2645	Are you sure you wish to delete:	ඔබට මැකීමට අවශ්‍ය බව ඔබට විශ්වාස ද:	0.22011485071451206
2542	abort all sessions	සියළු වාර නවතන්නafter timeout:	0.2198633456406675
2496	There was an error saving the image: %1	පිංතූරය සුරැකීමේ වරදක්:% 1	0.21986235754662534
305	Google Groups	ගූගල් සමූහQuery	0.21927998672599008
4356	Memory usage: %1	මතක භාවිතය:% 1	0.21896614126638306
2704	Do you really want to delete '%1'?	ඔබට '% 1' මැකීමට අවශ්‍ය ද?	0.21887909449819568
3143	Move selected files from %1 to:	තෝරාගත් ගොනුව% 1 වෙතට ගෙනයමින්: This menu entry empties the closed items history	0.2186832183371279
3456	The file %1 does not contain a valid worksheet definition, which must have a document type'KSysGuardWorkSheet '.	% 1 ගොනුව සතුව වලංගු වැඩපත්‍ර සඳහනක් අඩංගු නොවේ. එහි වර්‍ගය 'KSysGuardWorkSheet' විය යුතුයි.	0.2184043720934934
3002	Cannot create thumbnail for %1	% 1 සඳහා කුඩාරූපය සැකසිය නොහැක	0.21821460702649684
2085	First working day of the week:	සතියේ පළමු වැඩකරන දිනය:	0.2180240366314356
3279	Delete Profile	පැතිකඩ මකන්න	0.2179160463970797
3516	Enter new label:	නව ලේබලය ඇතුළත් කරන්න:	0.21787807142067495
2547	Cannot open theme file %1	% 1 තේමා ගොනුව විවෘත කල නොහැක	0.21781486291074992
2890	(driver not attached)	(උපකරණය ඈඳා නොමැත)	0.21777394641926073
4317	Could not read script '%1 '. Error %2	'% 1' ස්ක්‍රිප්ටය කියවිය නොහැක. දෝශය% 2	0.21765672631429803
2663	"Add to ""%1""."	"""% 1"" වෙත එක් කිරිනි."	0.21762919647994908
4635	%1 - unknown type	% 1 - නොදන්නා වර්‍ගය	0.2176163925389612
1161	Unable to load image	රූපය පූරණය කළ නොහැකThe color depth of an image	0.21741204249870522
4666	an unknown/ unexpected error has happened	නොදන්නා/ බලාපොරොත්තු නොවු දෝෂයක් හට ගැණිනSocket error code RemotelyDisconnected	0.2173882024737029
412	Date and time settings	දිනය සහ වේලා සැකසුම්Name	0.21737959665001047
1232	"Do you really want to activate ""%1"" and to deactivate ""%2""?"	"ඔබට ඇත්තෙන්ම ""% 1"" සක්‍රීය කිරීමට හා ""% 2"" අක්‍රීය කිරීමට අවශ්‍යද?"	0.21737633877676707
3352	Use < file > instead of global config	විශ්ව සැකසුම් වෙනුවට < file > යොදාගන්න	0.2173447002485601
1154	Select service:	සේවාව තෝරන්න	0.21712815952315176
2382	& Turn off computer	පරිගණකය වසාදමන්න (T)	0.21712312826578883
2604	HTML page	HTML පිටුව	0.21690225338599659
1570	Unable to stop service %1. Error: %2	සේවාව නැවැත්විය නොහැකි විය% 1. වරදක්:% 2 NAME OF TRANSLATORS	0.2167652160522109
1263	Press %1 while ScrollLock is active	ScrollLock සක්‍රීය විට% 1 ඔබන්න	0.2165543483487508
4386	Restart the game	තරගය යළි අරඹන්න	0.216519578550445
1266	Press %1 while NumLock is active	NumLock සක්‍රීය විට% 1 ඔබන්න	0.21644300050152374
99	A similar file named '%1 'already exists.	'% 1' නමැති සමාන ගොණුවක් දැනටමත් පවතී.	0.21640623142436965
4828	Close the current window or document	දැනට ඇති කවුළයව හෝ ප්‍රලේඛනය වසන්න	0.2163950183586355
3208	"Output from command: ""%1"""	"විධානයේ ප්‍රථිදානය: ""% 1"" NAME OF TRANSLATORS"	0.21635950274088514
1228	"Do you really want to deactivate ""%1"" and ""%2""?"	"ඔබට ඇත්තෙන්ම ""% 1"" හා ""% 2"" අක්‍රීය කිරීමට අවශ්‍යද?"	0.2163091047068874
3945	Parsing of file %1 failed (%2)	% 1 ගොනුව විග්‍රහ කිරීම අසාර්ථකයි (% 2) @ info: status	0.21625991197995215
1009	Cannot open file %1 for writing.	% 1 ගොනුව ලිවීම සඳහා විවෘත කල නොහැක. @ title: tab general information	0.2162328558656037
2544	cancel shutdown	වසාදැමීම අවංගු කරන්න	0.21612561645724446
2549	%1 does not seem to be a correct theme file	% 1 සතුව නිවැරදි තේමා ගොනුවක් නොමැතuser:...	0.2160962312823655
1557	Unable to authenticate/ execute the action: %1, %2	% 1,% 2 ක්‍රියාට ක්‍රියාත්මක කිරීමට/ අවසරදීමට නොහැකි විය:	0.21603101579844378
2682	Could not remove all files associated with %1	% 1 සමඟ සහයෝගී සියළු ගොනු ඉවත්කල නොහැක	0.2159219981913906
3911	%1 (will not be indexed for desktop search)	% 1 (වැඩතල සෙවුම සඳහා සූචිගත නොවනු ඇත)	0.21577720266759196
3693	Switch to Screen 2	2 වන තිරයට මාරුවන්න	0.21559853184737793
2948	Do Not Delete	මකා නොදමන්න	0.2155806538277426
2685	%1 does not exist.	% 1 නොපවතී	0.21557011602740941
4156	new session	නව සැසිය	0.21556486702835842
4020	Display all windows in one list	සියළුම කවුළු එක් ලැයිස්තුවක පෙන්වන්න	0.21553098949000385
922	Deleting files or folders	ගොනු හෝ බහලුම් මකමින්@ option: check Ask for Confirmation When	0.2154768144350654
1130	Add New Extension	නව දිගුව එක් කරන්න	0.215381828087917
4677	system error	පද්ධති දෝෂය	0.21525930197836804
306	Google Image Search	Google පිංතූර සෙවුමQuery	0.21525427270565925
2684	%1 already exists.	% 1 දැනටමත් පවතී.	0.21507301521482752
2475	Show list	ලැයිස්තුව පෙන්වන්න	0.21504223686791155
4675	name or service not known	නම හෝ සේවාව නොදනි	0.214932268956395
144	PDF Viewer	PDF දක්වනයName	0.21461176848234093
3971	No running apps	යෙදුමක් ක්‍රියාත්මක කරමින්	0.21454313131555097
2545	After timeout: %1	කල් ඉකුත්වීමෙන් පසු:% 1@ action: button	0.21450088881190438
4747	Cannot create memory segment for file %1	% 1 ගොනුව සඳහා මතක කොටස නිර්මාණය කළ නොහැකි විය	0.21448230445671834
4690	request was canceled	ඉල්ලීම අහෝසි කරන ලදි	0.21411401152910065
2523	Authenticated user (%1) does not match requested user (%2).	අවසරලත් (% 1) පරිශීලකයා ඉල්ලුම් කල (% 2) පරිශීලකයාට නොගැලපේ.	0.21405210877439768
1426	"To change your desktop theme to ""%1"", go back to the'General 'tab of System Settings; choose'Appearance', and then'Style '; and finally select ""%2"" from the drop-down list at the top of the window."	"""% 1"" වෙත තේමාව මාරු කිරීමට නම්, පද්ධති සැකසුම් හී පෙනුම කොටසේ සාමාන්‍ය ටැබය වෙත යන්න - > රටාව හා ලැයිස්තුවෙන්""% 2 ""තෝරාගන්න."	0.21401024195047677
4682	No such file or directory	"""% 1"" ලෙස පරිවර්තකයක් නැත"	0.2139993042050186
3182	Delete Link	සබැඳිය මකන්න	0.21397941403714385
3561	No command or window specified	කිසිඳු විධානයක් හෝ කවුළුවක් සපයා නොමැතNAME OF TRANSLATORS	0.21392434258903215
3696	Switch to Screen 5	5 වන තිරයට මාරුවන්න	0.213642333531408
4658	socket has not been created	සොකට් එක සීමා වී නැතSocket error code WouldBlock	0.21353959988934626
2804	"Unrecognized prompt ""%1"""	"හදුනා නොගත් ""% 1"" ප්‍රේරකය@ item: inmenu authentication method"	0.21349485291768577
2803	"Unrecognized prompt ""%1"""	"නොදන්නා ප්‍රකාරයක් ""% 1"" @ item: inmenu authentication method"	0.21349485291768577
97	Time position: %1	සක්‍රීය	0.21328767186109152
3164	Open the document in a new tab	ලේඛනය නව ටැබයක විවෘත කරන්න	0.21319503210345378
676	Lock the screen or log out	තිරය අගුළුලන්න හෝ පිටවෙන්නName	0.21299762703029887
4864	Do not show this message again	මෙම පණිවිඩය යළි පෙන්වන්න එපා	0.21267127912745903
2669	Do not show this message again	මෙම පණිවුඩය නැවත නොපෙන්වන්න	0.21267127912745903
4469	Uploading file:	බාගන්න	0.21265695786607514
3165	Open with %1	% 1 සමඟ විවෘත කරන්න@ action: inmenu View	0.2124438940841433
4753	%1 seconds	තත්පර% 1	0.2124220858514022
1723	Add operating system name	මෙහෙයුම් පද්ධති නාමය ඇතුළත් කරන්න (y)	0.21238976798629391
2086	Last working day of the week:	සතියේ අවසන් වැඩකරන දවස:	0.2122747412901869
4005	Search file type	ගොනු වර්‍ගය සොයන්න	0.21221424430968275
2721	Do you really want to enable '%1', contained within group '%2'?	ඔබට '% 2' සමූහයට අයත් '% 1', සක්‍රීය කිරීමට ඇවැසිද?	0.21214528581222186
1567	Unable to start server %1.	ධාරකය ආරම්භ කිරීමට නොහැකි විය% 1.	0.21214414468069526
4491	Default language:	පෙරනිමි භාෂාව:	0.21182978020410112
1153	Add Service	සේවාවක් එක් කරන්න	0.21168216164498752
4039	The player '%1 'cannot perform the action'previous'.	'% 1' ධාවකයට 'පෙර' ක්‍රියාව ඉටුකළ නොහැක.	0.21161470476665115
3224	"Edit Profile ""%1"""	"""% 1"" පැතිකඩ සකසන්න"	0.21155658830048085
2292	Choose this option to make KDE applications use the standard Windows Open/ Save file dialogs, instead of those normally used in KDE.	මෙම අභිප්‍රේතය KDE යෙදුම් සඳහා සාමාන්‍ය KDE සංවාද වෙනුවට Windows හී සම්මත විවෘත/ සුරැකුම් සංවාද භාවිත කිරීමට සලස්වයි. checkbox caption in System Integration options	0.21152455720603963
1068	Error: Invalid username or password	වරදක්: වැරදි පරිශීලක නාමයක් හෝ මුරපදයක් @ label: listbox KDE distribution method	0.21151973897413384
1307	Pre-KDE startup	මූලික- KDE ආරම්භය	0.21151793438499483
3778	Use window title	කවුළු මාතෘකාව භාවිත කරන්න	0.21147411903753702
3863	Use this command to create a new document	නව ලේඛනයක් නිර්‍මාණය කිරීමට මෙම බොත්තම භාවිත කරන්න	0.21143566267569674
2495	There was an error loading the image %1	පිංතූරය පූර්ණය කිරීමේ වරදක් හට ගැණිනි:% 1	0.21133519376296306
2711	Please enter new text:	කරුණාකර නව පෙළක් ඇතුළත් කරන්න:	0.2112351834987246
2084	First day of the week:	සතියේ පළමු දිනය:	0.21122793772700577
3695	Switch to Screen 4	4 වන තිරයට මාරුවන්න	0.21115454154746946
4676	servname not supported for ai_socktype	servname, ai_ socktype සඳහා සහාය නොදක්වයි	0.21100797050281617
3308	Application %1 could not be found using service %2 and path %3.	% 2 සේවාව හා% 3 මාර්ගය මගින්% 1 භාවිතයෙදවුම සොයාගත නොහැකිවිය.	0.21099893781404322
3189	Enter the name:	නම ඇතුළත් කරන්න:	0.21091379601473956
2722	Do you really want to disable '%1', contained within group '%2'?	ඔබට '% 2' සමූහයේ අඩංගු '% 1' අක්‍රීය කිරීමට ඇවැසිද?,	0.21084448088948218
1453	Enter the path to your htsearch program here, e. g. / usr/ local/ bin/ htsearch	ඔබේ htsearch වැඩසටහනේ මාර්‍ගය ඇතුළත් කරන්න උදා. / usr/ local/ bin/ htsearch	0.21078814198674148
2463	& Remove theme	තේමාව ඉවත් කරන්න (R)	0.21072590042487002
1472	Select the icon theme you want to use:	ඔබට භාවිත කිරීමට අවශ්‍ය අයිකන තේමාව තෝරාගන්න:	0.21065814848597214
3487	Host %1 not found	% 1 ධාරකය හමු නොවිනි	0.21056990415160018
104	Title: %1	සිරස්තලය:% 1	0.21043586866209166
1605	A policy already exists for %1 Do you want to replace it?	% 1 සඳහා දැනටමත් ප්‍රතිපත්තියක් පවතී. ඔබට එය ප්‍රතිපිහිටුවීමට ඇවැසිද?	0.21033894714710036
2657	Remove group	සමූහය ඉවත් කරන්න	0.21028420502449974
2985	%1: Unknown file type, neither directory or file.	% 1: නොදන්නා බහාළුමක්, ගොනුවක් හෝ ගොනු වර්ගයක්.	0.21015417672386794
4180	"Profile changed to ""%1"""	"පැතිකඩ ""% 1"" වෙනස්විය"	0.21013804605507744
3968	Unable to use the %1 Multimedia Backend: %2	% 1 භාවිත කළ නොහැක බහුමාධ්ය පසුතලය:% 2	0.21009053013087164
411	Color settings	වර්‍ණ සැකසුම්Name	0.2100580425508458
3835	Number of windows:	කවුළු ගණන:	0.2100538887325923
2736	ERROR: Could not determine font's name.	දෝෂය: අකුරු නාමය හදුනාගත නොහැකි විය.	0.21003910307490384
1265	Press %1 while CapsLock is active	CapsLock සක්‍රීය විට% 1 ඔබන්න	0.20991191155510502
4664	operation is not supported	මෙහෙයුම සහාය නොදක්වයිSocket error code Timeout	0.20966142568678942
3703	KDE window manager	KDE කවුළු කළමණාකරු	0.20963527264988557
200	Enter path of file or directory:	ගොනුව හෝ බහාළුමට මාර්ගය ඇතුළත් කරනෙනName	0.20957797794395797
4388	Show Settings	සිටුවම් පෙන්වන්න	0.209556933242165
2590	Change Icon...	අයිකනය වෙනස් කරන්න... (g)	0.20944579960290702
1235	"Do you really want to activate ""%1"" and ""%2""?"	"ඔබට ඇත්තෙන්ම ""% 1"" හා ""% 2"" සක්‍රීය කිරීමට අවශ්‍යද?"	0.2094212777319006
3486	Connection to %1 refused	% 1 වෙත සම්බන්ධය ප්‍රතික්‍ෂේප විය	0.2093686024907946
1949	& Suppress images	පිංතූර යටපත් කරන්න (S)	0.20919973234492076
3421	Add Theme	තේමාව එක් කරන්න	0.20908381996467879
4227	Settings and Profile	සැකසුම් හා පැතිකඩ	0.20904213380445277
2641	URL to open	විවෘත කළයුතු URL	0.20900195340231037
3190	Do you really want to remove the %1 tab?	ඔබට% 1 ටැබය ඉවත් කිරීමට අවශ්‍යමද?	0.20893115238496915
2989	Could not connect to host for %1	% 1 සඳහා ධාරකය සම්බන්ධ කරගත නොහැකි විය	0.20883963921229742
4157	log out	ඉවත් වන්නlog out command	0.20874346211395806
4724	Show %1 specific options	% 1 විශේෂිත විකල්ප පෙන්වන්න	0.2086355381159999
4717	%1 was written by %2	% 1 ලියන ල්දේ% 2	0.20862651598540344
4557	What language to use to display text	පෙළ දර්ශනය කළ යුතු භාෂාව	0.20855032502911655
2847	Input Action: %1	ඇතුළත්කිරීමේ ක්‍රියාවක්:% 1	0.20854345870716307
3851	Inactive windows:	අක්‍රීය කවුළු:	0.2084287371070366
4011	Type a path or a URL here	මාර්‍ගයක් හෝ URL ලිපිනයක් මෙහි ඇතුළු කරන්න	0.2084039521195402
3203	and many more...	සහ තවත් බොහෝ... A feature of Konqueror	0.2083696827879539
4036	The player '%1 'cannot perform the action'play'.	'% 1' ධාවකයට 'ධාවනය' ක්‍රියාව ඉටුකළ නොහැක.	0.20832230452781839
2470	Installing %1 theme	% 1 තේමාව ස්ථාපනය කරමින්	0.2083026456745586
1478	Installing %1 theme	ස්ථාපනය කරමින්% 1 තේමාව	0.20830264008728056
3407	The file or folder %1 does not exist.	% 1 ගොණුව හෝ බහාලුම නොපවතී.	0.20824456477236075
2033	Other Settings	වෙනත් සැකසුම්	0.20812134204792848
4589	Error: DISPLAY environment variable not set.	දෝෂය: DISPLAY පාරිසරික විචල්‍යය සකසා නැත.	0.2080650341430262
1903	Enter the name of a host (like www. kde. org) or a domain, starting with a dot (like. kde. org or. org)	(. kde. org හෝ. org වැනි) තිතකින් ආරම්භ වන ධාරක නාමයක් හෝ ඩොමේනයක් ඇතුළත් කරන්න (www. kde. org වැනි)	0.20792184386285714
482	Simple_action	සරල_ ක්‍රියාවComment	0.20784555051817122
2126	Could not initialize OpenGL	OpenGLආරම්භ කල නොහැකිවිය	0.20783635982932824
1678	Reject all cookies	සියලු කුකී ප්‍රතික්‍ෂේප කරන්න (j)	0.20778970402886315
3283	Background color:	පසුබිම් වර්‍ණය:	0.20767458546471645
4846	Select Region of Image	රූපයේ දිසාව තෝරන්න	0.20761588319267857
1229	"Do you really want to deactivate ""%1"", ""%2"" and ""%3""?"	"ඔබට ඇත්තෙන්ම ""% 1"" ""% 2"" හා ""% 3"" අක්‍රීය කිරීමට අවශ්‍යද?"	0.20741202957192875
1413	Use a different & window manager:	වෙනත් කවුළු කළමනාකරුවෙක් භාවිත කරන්න (w):	0.20734557118501235
496	Go to KDE Website	KDE වෙබ් අඩවියට යන්නComment	0.20733618911004814
1262	Press %1 while NumLock and ScrollLock are active	NumLock, CapsLock හා ScrollLock සක්‍රීය විට% 1 ඔබන්න	0.20733065814629878
4389	Hide Settings	සිටුවම් සඟවන්න	0.20730823037339838
2483	Selected Users	තෝරාගත් පරිශීලකයන්	0.20719482983291357
2312	Show opened files	විවෘත ගොණු පෙන්වන්න	0.20706883383249325
4151	Launch with %1	% 1 සමඟින් අරඹන්න	0.20699096613160087
2355	Specify a particular language	නිශ්චිත භාශාවක් දක්වන්න	0.20692891644981348
86	"& Save playlist to ""%1"""	වාදන ලැයිස්තුව	0.2068859166640681
3415	Delete folder %1 and its contents?	% 1 බහාළුම හා එහි අන්තර්ගතය මකාදමන්නද?	0.20687799231146028
3694	Switch to Screen 3	3 වන තිරයට මාරුවන්න	0.20662419391679818
1740	Default user name:	පෙරනිමි පරිශීලක නාමය:	0.2065654312000367
2839	Save changes	වෙනස්කම් සුරකින්න	0.2065564935877766
1874	Move window:	කවුළුව ගෙනයන්න:	0.20655255776493442
2983	libsmbclient failed to create context	libsmbclientට අන්තර්ගතය සෑදිය නොහැකි විය	0.20654222296392621
1436	Used for normal text (e. g. button labels, list items).	සාමාන්‍ය පෙළ සඳහා භාවිත වේ (උදා. බොත්තම් ලේබල, ලැයිස්තු අයිතම).	0.20651571756918213
4731	Could not launch the mail client: %1	තැපැල් සේවාලාභියා ඇරඹිය නොහැකි විය:% 1	0.20649529527836943
1332	Apply colors to & non-KDE4 applications	KDE4 නොවන භාවිත යෙදවුම් සඳහා වර්ණ ඇතුළත් කරන්න. (n)	0.20634689554065327
1239	"Do you really want to activate ""%1"", ""%2"" and ""%3"" and to deactivate ""%4""?"	"ඔබට ඇත්තෙන්ම ""% 1"" ""% 2"" හා ""% 3"" සක්‍රීය කිරීමට හා""% 4 ""අක්‍රීය කිරීමට අවශ්‍යද?"	0.20629654880431414
4369	networking: is enabled	ජාලය: සක්‍රීයව ඇත	0.2062737324492608
3897	The file '%1 'could not be opened: it is not a normal file, it is a folder.	'% 1' ගොනුව විවෘත කල නොහැක: එය සාමාන්‍ය ගොනුවක් ඔවේ, එය බහාළුමකි.	0.20625837269077532
1260	Press %1 while NumLock, CapsLock and ScrollLock are active	NumLock, CapsLock හා ScrollLock සක්‍රීය විට% 1 ඔබන්න	0.20620171102815646
3755	Remove selected exception?	තෝරාගත් මඟහැරීම ඉවත් කරන්න?	0.20618548131546913
3697	Switch to Screen 7	7 වන තිරයට මාරුවන්න	0.2060032806967364
226	The application name	යෙදුම් නාමයName	0.20568132507002834
2861	SCSI subsystem could not be queried: / sbin/ camcontrol could not be executed	SCSI අනුපද්ධතිය විමසිය නොහැක: / sbin/ camcontrol ක්‍රියාත්මක කල නොහැක	0.20565274213211232
2863	PCI subsystem could not be queried: %1 could not be executed	PCI අනුපද්ධතිය විමසිය නොහැක:% 1 ක්‍රියාත්මක කල නොහැක	0.20564725311502655
2984	libsmbclient failed to initialize context	libsmbclientට අන්තර්ගතය සැකසීමට නොහැකිවිය	0.20563605895286974
933	All folders	සියලු බහලුම්@ option: check	0.20541336501487656
3016	Maximum size:	උපරිම ප්‍රමාණය: @ info: whatsthis	0.2053578844543994
3026	not supported	සහාය නොදක්වයි	0.2053500231023633
3569	Choose your visual KDE theme:	ඔබේ දෘශ්‍ය තේමාව තෝරන්න:	0.2053477564671945
4038	The player '%1 'cannot perform the action'stop'.	'% 1' ධාවකයට 'නවතන්න' ක්‍රියාව ඉටුකළ නොහැක.	0.20530388309179043
4649	The library %1 does not offer a KDE 4 compatible factory.	% 1 පුස්තකාලය KDE 4 අනුකූල වැඩපොලක් ලබා නොදේ.	0.20515080056104473
3300	Switch to Tab %1	% 1 ටැබයට මාරුවන්න	0.20502537220809225
2865	Could not check file system info:	ගොනු පද්ධති තොරතුරු පිරික්සිය නොහැක:	0.20493048109621903
4014	%1 Icon Settings	% 1 අයිකන සැකසුම්@ action: inmenu	0.20490695515894225
4823	Save file with another name	ගොනුව වෙනත් නමකින් සුරකින්න	0.20485533322657035
698	Files and Directories	ගොනු සහ බහලුම්Comment	0.20484142416058582
4588	Error: HOME environment variable not set.	දෝෂය: HOME පාරිසරික විචල්‍යය සකසා නැත.	0.20477310573377167
847	Add Comment...	සටහන එක් කරන්න... @ label	0.20475320559340668
2703	Nothing to Delete	මැකීමට කිසිවක් නැත	0.2046571477624689
2368	Unable to launch KCardChooser	KCardChooser ක්‍රියාකල නොහැකි විය	0.20460830681170367
1727	Add & platform name	වේදිකා වර්‍ගය ඇතුළත් කරන්න (p)	0.20442779556137186
1714	Enter the host or domain to which this policy applies, e. g. www. kde. org or. kde. org.	මෙම ප්‍රතිපත්ති ඇතුළත් වන වසම් හෝ ධාරක ඇතුළත් කරන්න, උදා. www. kde. org හෝ. kde. org.	0.20428223922209016
3166	Do Not Add	එක් නොකරන්න	0.20426512315683593
1084	Stop searching	ගවේශනය නවතන්න@ info: tooltip	0.20426456367126541
4520	Select the sound to play	වාදය සඳහා හඬ තෝරන්න	0.20422416475087068
3198	Search the Web	අන්තර්ජාලයේ සොයන්න	0.20411079692548176
1261	Press %1 while CapsLock and ScrollLock are active	CapsLock හා ScrollLock සක්‍රීය විට% 1 ඔබන්න	0.20397382539675957
3285	& Change Profile	පැතිකඩ වෙනස් කරන්න (C)	0.20392154600218826
2845	Active window:	සක්‍රීය කවුළුව:	0.20387763588061056
4040	The player '%1 'cannot perform the action'next'.	'% 1' ධාවකයට 'ඊලඟ' ක්‍රියාව ඉටුකළ නොහැක.	0.20383980541174
204	Enter link to location (URL):	ස්ථානයට සබැඳිය ඇතුළු කරන්න( URL): Name	0.20382203812456595
4734	Could not Launch Browser	ගවේෂකය ඇරඹිය නොහැකි විය	0.20371788598097923
1238	"Do you really want to activate ""%1"", ""%2"" and ""%3""?"	"ඔබට ඇත්තෙන්ම ""% 1"", ""% 2"" හා ""% 3"" සක්‍රීය කිරීමට අවශ්‍යද?"	0.20368602827293664
1264	Press %1 while NumLock and CapsLock are active	NumLock හා CapsLock සක්‍රීය විට% 1 ඔබන්න	0.20354042822945465
3890	PHP Keyword/ Datatype list	PHP යතුරු වදන්/ දත්ත වර්‍ග ලැයිස්තුව	0.20350945613856639
1327	Remove the selected scheme	තෝරාගත් තේමාව ඉවත් කරන්න	0.2034547841595199
4006	File name pattern:	ගොනු නාම රටා:	0.20339908620081573
3276	New Profile...	නව පැතිකඩ...	0.20339078339274774
3262	Delete the selected color scheme	තෝරාගත් වර්‍ණ ක්‍රමය මකන්න	0.20333793807480277
3373	& Do not ask again	නැවත අසන්න එපා (D)	0.20329647635021753
2866	enabled	සක්‍රීය කල	0.20326236909608217
198	New camera	නව කැමරාවName	0.2032416172997569
3292	%1 is an invalid URL, the output could not be saved.	% 1 සාවද්‍ය URL කි, ප්‍රථිධානය සුරකිය නොහැක.	0.20322908106498092
3100	Menu changes could not be saved because of the following problem:	පහත ගැටළුව නිසා මෙනු වෙනස්කම් සුරැකිය නොහැක:	0.203190897609221
2708	No files?	ගොනු නොමැතිද?	0.20315272187827502
3216	"& Save View Profile ""%1""..."	"""% 1"" දසුන් පැතිකඩ සුරකින්න... (S)"	0.20314513097868112
4674	no address associated with nodename	නොඩ් නාමය සමඟ ලිපිනය බැදි නැත	0.20311478199504193
4355	Memory usage: %1 out of %2 (%3%)	මතක භාවිතය:% 2 කින්% 1 (% 3%)	0.2030704141795746
417	Display Settings	සංදර්ශන සැකසුම්Comment	0.20297077948777809
4035	The player '%1 'cannot be found.	'% 1' ධාවකය සොයාගත නොහැක.	0.20293255731151716
1393	& Revert to Previous	පෙර අවස්ථාවට යන්න (R)	0.20292178688320336
3676	Switch to Desktop 1	1 වන වැඩතලයට මාරුවන්න	0.2029096529247154
2832	Active window	සක්‍රීය කවුළුව	0.20289903625724473
3050	Add Action...	ක්‍රියාව එක් කරන්න...	0.20287244167189386
3001	Cannot load ThumbCreator %1	ThumbCreator% 1 පූර්ණය කල නොහැක	0.2028260208558276
2656	Remove Group	සමූහය ඉවත් කරන්න	0.202789746292578
3907	Remove Group	කණ්ඩායම ඉවත් කරන්න	0.202789746292578
3962	Unable to load Netscape plugin for %1	% 1 සඳහා Netscape ප්ලගිනය ක්‍රියාත්මක කළ නොහැකName of the netscape- plugin which generated this mimetype	0.20274037509832485
4194	Do not display this warning again	අවවාදය නැවත නොපෙන්වන්න	0.20271129417044323
2860	SCSI subsystem could not be queried: / sbin/ camcontrol could not be found	SCSI අනුපද්ධතිය විමසිය නොහැක: / sbin/ camcontrol සොයාගත නොහැක	0.20267986545097313
2186	Data select	දත්ත තේරීම	0.20265532261778044
3031	Disable Actions for Windows of Type WM_CLASS	WM_ CLASS වර්ගයේ කවුළු සඳහා ක්‍රියා අක්‍රීය කරන්න (i)	0.20261520303755204
849	Add Tags...	නව ටැගය... @ label	0.2025867762643121
2961	Could not access %1. There is probably no disk in the drive %2	% 1 වෙත පිවිසිය නොහැක. බොහෝ විට% 2 ධාවකයේ තැටියක් නොමැති විය හැක	0.20257866671466646
3129	& Reload All Tabs	සියලු ටැබ යළිපූරණය (R)	0.20249451206102048
4046	The player '%1 'cannot perform the action'seek'.	'% 1' ධාවකයට 'සෙවීම' ක්‍රියාව ඉටුකළ නොහැක.	0.2024940530331595
2689	Unexpected error whilst processing: %1	whilst සැකසීමේදී බලාපොරොත්තු නොවූ වරදක්:% 1	0.2024741385521241
3192	& Open Link	සබැඳිය විවෘත කරන්න (O)	0.20241042322156955
1524	Channel 2	2 වන නාලිකාව	0.20221680307242584
4037	The player '%1 'cannot perform the action'pause'.	'% 1' ධාවකයට 'රඳවන්න' ක්‍රියාව ඉටුකළ නොහැක.	0.20219860499592315
2461	Install & new theme	නව තේමාවක් ස්ථාපනය කරන්න (n)	0.20214313258851654
1435	Window title	කවුළු සිරස්ලය	0.20213979044589703
2808	URL to display	පෙන්විය යුතු URL	0.20209870916572295
3634	Verify password:	මුරපදය තහවුරු කරන්න: NAME OF TRANSLATORS	0.20207755353561846
533	Failed attempt to unlock the screen	තිරය අගුළු හැරිමේ උත්සාහය අසාර්ථකයිName	0.20200229723341628
2724	"Can only install fonts to either ""%1"" or ""%2""."	"""% 1"" හෝ ""% 2"" වලින් පමණක් අකුරු ස්ථාපනය කල හැක."	0.20197046257293014
4703	sets the default button color	පෙරනිමි බොත්තම් වර්‍ණය සකසයි	0.20194106206342816
1539	KDE Classic	KDE සම්මත	0.20187503502577986
271	KDE Classic	KDE සාම්ප්‍රදායිකComment	0.20187503171461257
89	Playlist name:	වාදන ලැයිස්තු නාමය:	0.2018684673730238
1527	Remove Theme	තේමාව ඉවත් කරන්න...	0.20185571220087642
1423	Remove Theme	තේමාව ඉවත් කරන්න	0.20185571220087642
1429	Remove Theme	තේමාව ඉවත් කරන්නNAME OF TRANSLATORS	0.2018557011011177
955	the URL of a web site you were browsing	ඔබ ගවේශනය කරමින් සිටි වෙබ් අඩවියේ URL ලිපිනය@ info/ rich crash situation example	0.20182203372210852
2751	Please enter new string:	කරුණාකර නව වැකියක් ඇතුළත් කරන්න:	0.20171545581907432
1359	Selected text	තෝරාගත් පෙළ	0.20160595138927298
334	Africa, Northern	උතුරු අප්‍රිකාවName	0.20152269060822928
3488	An error occurred with the network (e. g. the network cable was accidentally unplugged) for host %1.	% 1 ධාරකය සමඟ ජාලයේ දෝශයක් ඇතිවිය (උදා. ජාල රැහැන අනපේක්‍ෂිතව ගැලවිනි).	0.2015148668209673
3172	& Rename Profile	පැතිකඩ නාමය වෙනස් කිරීම (R)	0.20149849502033185
625	Another window is activated	තවත් කවුළුවක් සක්‍රීය වියComment	0.2014830601849838
3966	Submitting data to %1	% 1 ට දත්ත ඇතුළත් කරමින්	0.20144777644217182
810	The KDE 4 icon view style	KDE 4 අයිකන දසුන් රටාවName	0.2014448554211323
4762	Add Comment	සටහනක් එක් කරන්න	0.20141400941064316
848	Add Comment	සටහන එක් කරන්න... @ info: progress	0.20141398691585635
2430	No password required for:	මුරපදයක් අවශ්‍ය නොවේ (q):	0.201369905516838
4378	Configure your system	සකසන්න	0.20125515009527567
4390	Click any button to change its key	එහි යතුරු වෙනස් කිරීමට ඕනෑම බොත්තමක් මත ක්ලික් කරන්න	0.20123703346670904
3862	Use this command to close the current document	වත්මන් ලේඛනය වසාදැමීමට මෙම විධානය භාවිත කරන්න	0.2011396774832825
3725	Not on all desktops	සියලු වැඩතලයක මත නොවේ	0.20099521190393238
3744	Not on all desktops	සියළුම වැඩතලයන් මත නොවේ	0.20099517480193904
4385	Show nothing	කිසිවක් පෙන්වන්න එපාNAME OF TRANSLATORS	0.20089734769321105
942	with optional icon and description	නම වෙනස් කිරීම අවසන්.	0.20086319161726265
3457	The file %1 has an invalid worksheet size.	% 1 ගොනුව සතුව වලංගු නොවන වැඩපත්‍ර ප්‍රමාණයක් පවතී.	0.20084104813829334
2947	File Changed	ගොනුව වෙනස්විය	0.2008267356202798
4523	Select the command to run	ක්‍රියාත්මක කළයුතු විධානය තෝරන්න	0.20062904628930764
4487	Remember password	රහස්පදය මතක තබාගන්න	0.2005369610076644
4653	name lookup has failed	නාම විමසුම අසමත් වී ඇතSocket error code AddressInUse	0.20050743726341272
3039	Do Not Start	ආරම්භ නොකරන්න	0.20047036640033378
2306	All KDE settings in one place	සියලු KDE සැකසුම් එකම ස්ථානයක	0.20032116875302972
4735	Could not launch the terminal client: %1	ටර්මිනල් සේවාලාභියා ඇරඹිය නොහැකි විය:% 1	0.20031903045394436
70	Select Source	සංයුතිය තෝරන්න:	0.2002966043887874
1234	"Do you really want to activate ""%1"" and to deactivate ""%2"", ""%3"" and ""%4""?"	"ඔබට ඇත්තෙන්ම ""% 1"" සක්‍රීය කිරීමට හා ""% 2"", ""% 3"" හා ""% 4"" අක්‍රීය කිරීමට අවශ්‍යද?"	0.20022964712917934
3088	Only show in KDE	KDE තුළ පමණක් පෙන්වන්න	0.20021476368931385
3094	Save Menu Changes?	මෙනු වෙනස්කම් සුරකින්නද?	0.20014333457908798
1588	This file (%1) does not exist. You can only select local files.	(% 1) ගොණුව නොපවතී, ඔබට තෝරාගත හැක්කේ ප්‍රාදේශීය ගොණූ පමණයි	0.20014263272282592
1424	New theme name:	නව තේමා නාමය	0.20010532328980407
3261	Edit the selected color scheme	වර්‍ණ ක්‍රමය සකසන්න	0.20009517576119976
3257	Show menu bar in new windows	මෙනු තීරුව නව කවුළුවේ පෙන්වන්න	0.20005083956360795
4191	No methods found	ක්‍රමයක් හමු නොවිනි	0.2000375388637405
2106	& Use an external player	භාහිර ධාවකයක් භාවිත කරන්න (U)	0.19994624437414324
1980	Shortcut conflict: Could not set Shortcut %1 for Desktop %2	කෙට්මං ගැටුමක්:% 2 වැඩතලය සඳහා% 1 කෙටිමඟ සැකසිය නොහැක	0.19990516970913239
855	Select	සියල්ල තෝරන්න	0.19988824272752037
3274	Select	තෝරන්න	0.19988824272752037
3698	Switch to Next Screen	මීළඟ තිරයට මාරුවන්න	0.19984010734367788
1417	"Theme items have been changed. Do you still wish remove the ""%1"" theme?"	"තේමා අයිතමය වෙනස් වී ඇත. ඔබ තවමත් ""% 1"" තේමාව ඉවත් කිරීමට සිතනවාද?"	0.1998340218998224
893	Close Other Tabs	අනෙකුත් ටැබ වසන්න@ action: inmenu	0.1998202670574498
4807	File Uploaded	පිටුව පූරණය විය.	0.19981235511016743
118	in bytes, for example > 1000	බයිට් මඟින්, උදා > 1000Comment	0.1997779288797714
4274	Displayed Information	පෙන්වූ තොරතුරු	0.1997699021376828
4018	[Other Actions]	[වෙනත් ක්‍රියා]	0.19975134923239476
521	Open with & Firefox	& Firefox සමඟ විවෘත කරන්නDescription	0.19974837459669711
1319	& Enter a name for the color scheme:	වර්‍ණ තේමාවේ නම ඇතුළත් කරන්න (E):	0.19972527212199412
1454	Enter the path to your htmerge program here, e. g. / usr/ local/ bin/ htmerge	ඔබේ htmerge වැඩසටහනේ මාර්‍ගය ඇතුළත් කරන්න උදා, e. g. / usr/ local/ bin/ htmerge	0.1996993895784093
4824	Apply changes	වෙනස්කම් යොදන්න	0.1996960344604356
258	KDE is starting up	KDE අරඹමින්Name	0.1996242642131571
4707	disable XIM	XIM අක්‍රීය කරන්න	0.19960802255582746
3724	"The window ""%2"" is not responding. It belongs to the application %1 (Process ID = %3, hostname = %4). Do you wish to terminate the application process including all of its child windows? Any unsaved data will be lost."	"""% 2"" මාතෘකාව ඇති කවුළුව ප්‍රතිචාරයක් නොදක්වයි. මෙම කවුළුව අයත් වන්නේ% 1 යෙදුමටයි (PID=% 3, hostname=% 4). ඔබ මෙම යෙදුම මර්දනය කිරීමට කැමතිද? (සියළු නොසුරැකුනු දත්ත නැතිවනු ඇත.)"	0.19957690375369522
3567	Theme Not Created	තේමාව නොසැකසිණි	0.19946679207405507
3007	"Helper program to handle the KDE trash can Note: to move files to the trash, do not use ktrash, but ""kioclient move'url 'trash: /"""	"KDE කුණු කූඩය හැසිරවීමට උදව් වැඩසටහන වැදගත්: ගොනු කුණුකූඩයට දැමීමට ktrash භාවිත නොකරන්න, එහෙත් ""kioclient 'url' කුණුකූඩයට ගෙනයන්න trash: /"""	0.19943727145451495
860	Show preview	පූර්‍වදසුන පෙන්වන්න@ option: check	0.1993520502340014
1179	internal error - code %1 unknown	අභ්‍යන්තර වරදක් -% 1 කේතය නොදනී	0.1993120416022361
2728	"Can only remove fonts from either ""%1"" or ""%2""."	"""% 1"" හෝ ""% 2"" වලින් පමණක් අකුරු ඉවත්කල හැක."	0.1992709134029821
2582	First viewed:	මුල් වරට පිවිසි:	0.19920355851543986
3368	The session was locked by %1	මෙම වාරය% 1 විසින් අගුළුලන ලදී	0.19918715815467175
2472	Remove themes?	තේමා ඉවත් කරන්නද?	0.19914477415477524
2950	Do Not Upload	අපගත නොකරන්න	0.19889605194378024
3290	Edit Current Profile...	දැනට ඇති පැතැකඩ සුරකින්න...	0.1988288420588959
3779	Outer Color:	පිටත වර්ණය:	0.19880883794273604
3277	Edit the selected profile(s)	තෝරාගත් පැතිකඩ සකසන්න	0.19875183711492972
4694	Use the QWS display'displayname '	QWS දර්ශන 'displayname' භාවිත කරන්න	0.1987031197418732
2731	Failed to start the system daemon	පද්ධති මුද්‍රක ඩීමනය ඇරඹිය නොහැක	0.19859688954855254
183	This folder contains your personal files	මෙම බහාළුමෙහි ඔබේ පුද්ගලික ගොනු අඩංගු වේName	0.19848648708299838
2681	%1 is not a font.	% 1 අකුරක් නොවේ.	0.19847050376582578
2734	%1 is not a font.	% 1 යනු අකුරක් නොවේ.	0.19847050376582578
3291	Change Profile	පැතිකඩ වෙනස් කරන්න	0.1984377541082569
2635	URL to install	ස්ථාපනය කළයුතු URL	0.1984180935619072
1616	%1 is already in the list.	% 1 දැනටමත් ලැයිස්තුවේ පවතී.	0.19838897901368702
4206	Save Profile	පැතිකඩ සුරකින්නNAME OF TRANSLATORS	0.19833792137207742
3584	Show all jobs in a list	සියළුම කාර්යයන් ලැයිස්තුවක දක්වන්න.	0.19814333127767567
1444	Click to change all fonts	සියළුම අකුරු වෙනස් කිරීමට මෙය ක්ලික් කරන්න	0.1980769803967935
3173	Start without a default window	පෙරනිමි කවුලුවක් නොමැතිව විවෘත කරන්න	0.1980751881314235
1109	Showing report %1	% 1 වාර්ථාව පෙන්වමින්@ info	0.19793301313203326
4763	View Comments	සටහන් දර්ශනය	0.19779572644126572
3944	New backend	නව පසු ඉමක්	0.19773684076852982
4512	Only Run HTML Tests	HTML පරීක්‍ෂණය පමණක් ක්‍රියාත්මක කරන්න	0.19772971435077105
2548	Cannot parse theme file %1	% 1 තේමා ගොනුව විග්‍රහ කල නොහැක	0.19765048342100985
4571	Quit application...	යෙදුමින් ඉවත් වීම...	0.19763826955343144
4569	Open a script...	ස්ක්‍රිප්ට්ටයක් විවෘත කරන්න...	0.19758440036457167
1344	Inactive color	අක්‍රීය වර්ණ	0.19742475516517557
32	unknown type	නොදන්නා	0.1973995684176584
2733	%1 contains the font %2, which is already installed on your system.	% 1හී% 2 අකුරු අඩංගු වේ, ඒවා දැනටමත් ඔබේ පද්ධතියේ ස්ථාපනය කර ඇත.	0.19733433629772426
2680	%1 contains the font %2, which is already installed on your system.	% 1 සතුව% 2 අකුරු පවතී, මේවා දැනටමත් ඔබේ පද්ධතියේ ස්ථාපනය කර ඇත.	0.19733433629772426
1569	Unable to stop server %1.	සේවාව නැවතිය නොහැකි විය% 1.	0.19724945373564493
4198	Modules not found	මොඩියුල හමු නොවිනි	0.19719505998921757
87	Total playlist size: %1	වාදන ලැයිස්තුව	0.19709439488406078
2611	Show & hidden files	සැඟවුනු ගොනු සොයන්න (h)	0.19706654937362234
2962	Could not access %1. There is probably no disk in the drive %2 or you do not have enough permissions to access the drive.	% 1 වෙත පිවිසිය නොහැක. බොහෝවිට% 2 ධාවකයේ තැටියක් නොමැති හෝ ධාවකය වෙත පිවිසීමට ඔබට ප්‍රමානවත් බලතල නොමැතිවිය හැක.	0.1970639513343911
4668	Unknown error	නොදන්නා දෝෂයක්	0.19700862860877938
999	Unknown error	නොදන්නා වරදක්@ info	0.19700862860877938
3559	Use ksystraycmd's icon instead of the window's icon in the systray (should be used with --icon to specify ksystraycmd icon)	පද්ධති තැටියේ කවුළුවේ අයිකනය වෙනුවට ksystraycmd' s හි අයිකනය භාවිත කරන්න (ksystraycmd අයිකනය ලබාදීමට -- අයිකනය සමඟ භාවිත කල යුතුයි)	0.1969038147287103
3135	Protocol not supported %1	ප්‍රොටොකොලය සහාය නොදක්වයි% 1@ title: tab	0.19674480691790253
1523	Channel 1	1 වන නාලිකාව	0.19667543453858588
3230	Open Link	සබැඳිය විවෘත කරන්න	0.1966183309787043
1591	Remove component	සංරචකයක් ඉවත් කරන්න	0.19661678817047637
2811	Do Not Create	තනන්න එපා	0.19659536144881676
2820	Window appears	කවුළුව පෙනෙයි	0.19659106977053514
4813	Download File:	බාගන්න	0.19653928704364743
2659	"All Fonts contains all the fonts installed on your system - both ""System"" and ""Personal"". System contains all fonts that are installed system-wide (i. e. available to all users). Personal contains your personal fonts. Unclassified contains all fonts that have not yet been placed within a ""Custom"" group."	"සියළු අකුරු ඔබේ පද්ධතියේ ඇති සියළු අකුරු ""පද්ධති"" හා ""පුද්ගලික"" යන දෙකම. පද්ධති සියළු පද්ධති- ව්‍යාප්ත ලෙස ස්ථාපිත අකුරු අඩංගු වේ (සියළු පරිශීලකයන්ට භාවිත කල හැකි). පුද්ගලික ඔබේ පුද්ගලික අකුරු දරයි. වර්ග නොකළ ඔබ විසින් ""රුචි"" කණ්ඩායමක නොදැමූ සියළු අකුරු මෙහි අඩංගු වේ."	0.19653478922031714
2439	There was an error loading the image: %1 It will not be saved.	පිළිබිඹුව පූර්ණය කිරීමේ වරදක් හට ගැණිනි:% 1 එය නොසුරැකේ.	0.1964132818518191
4817	Overwrite File?	ගොනුව මත ලියන්න ද?	0.19634893850829296
727	File and URL opener	ගොනු සහ URL විවෘතකරණයName	0.19632270072330577
1679	To add a new policy, simply click on the Add... button and supply the necessary information. To change an existing policy, use the Change... button and choose the new policy from the policy dialog box. Clicking on the Delete button will remove the currently selected policy causing the default policy setting to be used for that domain, whereas Delete All will remove all the site specific policies.	නව ප්‍රතිපත්තියක් එක් කිරීමට, සරලව එක් කරන්න... බොත්තම ක්ලික් කර ඇවැසි තොරතුරු ලබාදෙන්න. පවතින ප්‍රතිපත්තියක් වෙනස් කිරීමට වෙනස් කරන්න... බොත්තම ක්ලික් කර ප්‍රතිපත්ති ලැයිස්තු කොටුවෙනව ප්‍රතිපත්තිය තෝරන්න මකන්න බොත්තම දැනට තෝරාගෙන ඇති ප්‍රතිපත්තිය මකාදමා එම වසම සඳහා පෙරනිමි ප්‍රතිපත්ති සැකසුම් යොදන අතර සියල්ල මකන්න සියළු අඩවි පාදක ප්‍රතිපත්ති මකාදමයි.	0.1963158905147087
2954	URL(s) or local file(s) used for'command '	'විධානය' සඳහා වූ URL හෝ ගොනුNAME OF TRANSLATORS	0.19614183788390513
514	Launches KSnapShot when PrintScrn is pressed.	PrintScrn එබූ විට KSnapShot ක්‍රියාත්මක කරයි. Name	0.19609592600160966
272	Classic KDE style	සාම්ප්‍රදායික KDE රටාවName	0.1960950144380618
3223	Edit Profile	පැතිකඩ වෙනස් කරන්න	0.19603821705540692
3162	Move Files...	ගොනු ගෙනයන්න (o)	0.1960225007187927
3309	Quitting application %1 failed. Error reported was: %2: %3	% 1 භාවිත යෙදවුමෙන් ඉවත්වීම අසාර්ථකයි. වැරදි වාර්ථාව වූයේ:% 2:% 3NAME OF TRANSLATORS	0.19600376297874678
3564	Theme %1 already exists.	% 1 තේමාව දැනටමත් පවතී.% 1 is theme archive name	0.19595430468403194
1529	You have to restart KDE for these changes to take effect.	ඔබට මෙම වෙනස්කම් බලපැවැත්වීමට KDE නැවත ආරම්භ කිරීමට සිදුවේ.	0.19594755387550422
1627	You have to restart KDE for these changes to take effect.	ඔබට මෙම වෙනස්කම් බලගැන්වීමට KDE නැවත ආරම්භ කිරීමට සිදුවේ	0.19594755387550422
1977	Switch to Desktop %1	% 1 වැඩතලයට මාරුවෙන්න	0.19593400880149364
4203	Enter here the name for the profile you are creating	මෙහි ඔබ සාදන පැතිකට සඳහා නමක් ඇතුළත් කරන්න	0.1959304374141152
3248	Manage Profiles...	කළමණාකරන පැතිකඩ...	0.19590591854086906
4347	%1: %2, owned by user %3	% 1:% 2,% 3 පරිශීලක හට අයත් වේ	0.1958559174169987
2963	Could not access %1. The drive %2 is not supported.	% 1 වෙත පිවිසිය නොහැක.% 2 ධාවකය සහාය නොදක්වයි.	0.195737282681691
3651	XRender/ XFixes extensions are not available and only XRender support is compiled.	XRender/ XFixes දිගු නොපවතින අතර XRender සහාය පමණක් සම්පාදනය කර ඇත.	0.19570719447375123
1573	If supported, this option allows you to setup the state of NumLock after KDE startup. You can configure NumLock to be turned on or off, or configure KDE not to set NumLock state.	සහාය දක්වයි නම්, මෙම විකල්පය ඔබට KDE ආරමභයෙන් පසු NumLock හී තත්වය සැකසීමට ඉඩ දේ. ඔබට Numlock සක්‍රීයව හෝ අක්‍රීයව තැබිය හැක. නැතහොත් Numlock තත්වයක් නොසැකසීම සඳහා KDE සකසන්න.	0.1957026266628502
4811	Install again	ස්ථාපනය	0.19567053048205477
2369	No card inserted	කිසිඳු කාඩ්පතක් ඇතුල් කර නොමැත	0.1955778319247591
4853	Name for new scheme:	නව ක්‍රමය සඳහා නාමය:	0.19554761364110373
