	__label__eng_Latn	__label__sin_Sinh	Similarity score
422	Keyboard settings	යතුරුපුවරු සැකසුම්Name	0.5424328415238753
430	Keyboard Layout	යතුරුපුවරු ආකෘතියName	0.540890624698295
596	Configure keyboard and mouse settings	යතුරුපුවරු හා මවුස සැකසුම් සාදන්නName	0.5351795656789429
4731	Use alternative configuration file	වෛකල්පික මානකරණ ගොනුව භාවිත කරන්න	0.5317046013469283
1597	Select a shortcut scheme file	කෙටිමං යෙදුම් ගොණුවක් තෝරන්න	0.5284941456518575
249	Configure trash settings	ඉවතලන බඳුන සකසන්නExtraNames	0.5284820436565734
963	Login into the bug tracking system	KDE වැරදි හඹායෑම් පද්ධතිය වෙත (% 1) ලෙස:% 2 ට පිවිසී ඇත. @ info/ rich	0.5281994882550057
3875	query root path of Start Menu entries	ආරම්ඹක මෙනු ඇතුලත් කිරීම් හි විමසුම් මූල මාර්ගNAME OF TRANSLATORS	0.5275533251779824
146	Netscape Address Book	Netscape ලිපින පොතName	0.5274120832252984
4085	Keyboard Battery	යතුරුපුවරු බැටරිය	0.5263832655466146
3057	Clipboard history	ක්ලිප් පුවරු ඉතිහාස ප්‍රමාණය	0.5261842610813963
578	Sliding animation for Plasma popups	ප්ලාස්මා පොප්අප් සඳහා ලිස්සන සජීවීකරණName	0.5257739969737801
3079	Synchronize clipboard and selection	තෝරාගැනීම හා ක්ලිප්පුවරුව සම්මුහුර්ථ කරන්න	0.5255660144816974
3256	Bug fixes	දෝෂ විසදීම්	0.5254889128336904
4599	Displays Thread Activity	ත්‍රෙඩ් ක්‍රියාකාරකම් දර්ශණය කරයි	0.5253597444022792
76	Rename playlist layout	වාදන ලැයිස්තු නාමය:	0.5249829860310792
581	Taskbar Thumbnails	ක්‍රියා තීරු කුඩාරූComment	0.5244394395691677
3048	Enable Clipboard Actions	ක්ලිප් පුවරු ක්‍රියා සක්‍රීය කරන්න	0.524282322537042
3830	Use pager layout for animation	සජීවීකරණය සඳහා පේජර රටාව භාවිත කරන්න	0.523804550094381
3074	Synchronize contents of the clipboard and the selection	ක්ලිප් පුවරුව හා තෝරාගැනීම අතර අන්තර්ගතය සම්මුහුර්ථ කරයි	0.5237329621576603
2890	Monitor Gain Limits	ලැබීම් සීමා නිරීක්‍ෂනය කරන්න	0.5234068349677377
223	Configure the spell checker	අකුරු පිරික්සීම සකසන්නName	0.523280726063377
1861	Change JavaScript Policy	ජාවාස්ක්‍රිප්ට ප්‍රතිපත්තිය වෙනස් කරන්න:	0.5232763297948815
3086	Clipboard history size	ක්ලිප් පුවරු ඉතිහාස ප්‍රමාණය	0.522340028779343
2760	Combining Diacritical Marks	ස්වරානුකූල ලකුණු සංයුක්ත කිරීම	0.5217398923491622
1988	Show desktop layout indicators	වැඩතල ආකෘති දර්ශක පෙන්වන්න	0.5214745495548385
80	Default Layout	වාදන ලැයිස්තුව	0.5213518104692938
2233	Keyboard controller	යතුරුපුවරු පාලකය	0.5206691660421298
875	Column width	තීරු පළල	0.5205206770695995
542	Animate desktop switching with a cube	ඝනකයක් සමඟ වැඩතල මාරුවීම සජීවීකරණය කරන්නName	0.5203143657225331
1612	Proxy Setup	ප්‍රොක්සි ස්ථාපනය	0.5202856186352934
4648	Translation files for KLocale	KLocale සඳහා පරිවර්තන ගොනු	0.5201815048919975
577	Sliding popups	පොප්අප් ලිස්සායෑමComment	0.5201679099085239
228	Global Shortcut Triggered	විශ්ව කෙටිමං සැකසිනිComment	0.5201606134577175
1595	Select Shortcut Scheme	කෙටිමං යෙදුමක් තෝරන්න	0.5201511063980079
132	Vector Drawing	දෛශික ඇදීමName	0.5199528259672278
4598	Log thread activity	ත්‍රෙඩ් ක්‍රියාකාරකම් ලොග් කරන්න	0.5198062570667701
108	Configure general file manager settings	සාමාන්‍ය ගොනු කළමාණාකරන සැකසුම් සකසන්නName	0.519697635986999
1516	Reverse scroll direction	ප්‍රතිස්ක්‍රෝල් දිශාව( v)	0.5196219490005527
2846	Mouse Gesture Action	මවුස හැසිරීම් ක්‍රියාව	0.519557770130568
660	Traditional menu based application launcher	සාම්ප්‍රදායික මෙනු පාදක කරගන් යෙදුම් අරඹනයName	0.5194286152363847
2148	Device selection timing	උපකරණ තේරීම් වේලාතැබීම	0.5191265612590725
3588	Customize the widget style	විජෙට්ටු රටා සකසන්න	0.5191075736860613
2044	Desktop navigation wraps around	සාමාන්‍ය	0.5190507185672643
74	Copy playlist layout	වාදන ලැයිස්තු නාමය:	0.518956279896823
1227	Bounce keys	පොලාපනින යතුරු	0.5182027833337773
1290	Bounce Keys	පොළාපනින යතුරු	0.5182027833337773
3467	Animate progress bars	සජීවිකරණය කළ ප්‍රගති දර්ශක	0.5181302077234657
1291	Use bounce keys	පොළාපනින යතුරු භාවිත කරන්න (n)	0.5179664341035273
267	Password caching support	මුරපද හසුකිරීමේ සහායName	0.5177403433969608
219	Configure service discovery	සේවා අනාවරණය සැකසීමName	0.5176710382897897
603	Configure active screen edges	සක්‍රීය තිර අග්‍ර සකසන්නName	0.5175814972853253
4086	Keyboard Mouse Battery	යතුරුපුවරු මවුස බැටරිය	0.5175355787795303
133	Vector-based Drawing Program	දෛශික මත පදනම් වූ ඇදීමේ වැඩසටහනName	0.5173754226204902
2260	Keyboard controller style	යතුරුපුවරු පාලක රටාව	0.5172620664651096
3071	Selection and clipboard	හිස් ක්ලිප් පුවරු පිටුදකින්න	0.5172569823403146
2860	Keyboard input:	යතුරුපුවරු ඇතුළත්කිරීම:	0.5169280317800009
945	Information about bug reporting	වැරදි වාර්ථාකරණය පිළිබඳ තොරතුරු@ info/ rich	0.5168773656618403
4275	Configure preferences for Screen Powersaving	තිර බල සුරැකුම සඳහා අභිප්‍රේත සකසන්න	0.5166929711352086
3069	Prevent empty clipboard	හිස් ක්ලිප් පුවරු පිටුදකින්න	0.5166685586708727
3966	Suspend File Indexing	ගොනු සූචිගත කිරීම නවතන්න	0.5165608324861815
3362	Allow tray application to change startup settings	ආරම්භක සැකසුම් වෙනස් කිරීමට තැටි භාවිත යෙදවුමට ඉඩදෙන්න	0.5157038433834267
423	Global Keyboard Shortcuts	ගෝලීය යතුරුපුවරු කෙටිමංComment	0.5156096048663793
3465	Use selection color	තේරීම වර්ණය භාවිත කරන්න	0.515507623466411
4452	Plasma wallpaper	Plasma පසුබිම්රූපName	0.515484947193468
2301	Install Oxygen cursor schemes	ඔක්සිජන් කර්සර රටා ස්ථාපනය කරන්නtooltip for checkbox	0.5154478375644321
4729	applies the Qt stylesheet to the application widgets	Qt මෝස්තර පත්‍රය වැඩසටහන් විජට් වලට යොදයි	0.5152896116869621
81	Playlist Layouts	වාදන ලැයිස්තුව	0.5151496448809931
205	Configure the browser plugins	ගවේශක ප්ලගින සකසන්නName	0.5151475586536582
2115	Occlusion query counter bits	නිරෝධායන විමසුම් ගණක බිටු	0.5145850894038502
73	New playlist layout	වාදන ලැයිස්තු නාමය:	0.5145216946006065
247	Thumbnail Handler	සිගිති රූ හැසිරුමName	0.5144636340151294
2295	Use native system file dialogs	පියවු පද්ධති ගොනු සංවාද භාවිත කරන්නtooltip for checkbox	0.5142507157788537
1368	Button text on Button Background	බොත්තම් පසුබිමේ බොත්තම් පෙළcolor- kcm- preview	0.5141884847983221
1431	Configure Anti-Alias Settings	ප්‍රති- අනවර්‍ත සැකසුම් සකසන්න	0.5140357038475182
3891	The cool buffersystem	අගනා බෆර පද්ධතිය	0.5139369214192493
3313	Shrink View	දසුන හකුළන්න	0.5137707793162776
747	Plasma Search and Launch menu	ප්ලාස්මා සොයා ක්‍රියාකරවන එන්ජිමComment	0.5136401286928943
3914	Setup screen saver	තිර රක්නය ස්ථාපනය කරන්න	0.51363072436898
3414	Setup screen saver	තිර සුරැකුම සකසන්න	0.51363072436898
3097	Klipper - clipboard tool	Klipper - ක්ලික් පුවරු ආයුධයක්	0.5134631949877887
1935	Use accessibility stylesheet	පිවිසුම් සහායක රටා පත්‍රය භාවිත කරන්න (s)	0.5133191633411018
2381	Offer shutdown options	වසාදැමීමේ විකල්ප පිළිගන්වන්න (f)	0.5128950021123199
3539	Vertical lines scroll	සිරස් රේඛා ස්ක්‍රෝල්	0.5128726756985409
663	Default desktop containment	පෙරනිමි වැඩතල ධාරකයName	0.5126926127137716
149	Clipboard Viewer	ක්ලිප්බෝඩ් දසුනName	0.5126027428596681
884	Rename inline	ඇතුළු රේඛාව ප්‍රථිනම් කරන්න@ option: check	0.5125669942119903
859	Search Toolbar	සෙවුම් මෙවලම් තීරුවNAME OF TRANSLATORS	0.5125568376381258
1650	Clear the pixmap cache	Pixmap කැච් පිරිසිදු කරන්න	0.5124146589606628
2250	Entertainment encryption device	විනෝදාස්වාද ගුප්තකේතන උපකරණය	0.5124121749841056
2776	CJK Symbols and Punctuation	CJK සංකේත හා විරාම ලකුණු	0.5122887256044165
4620	Track menu id for debug purposes	දෝෂහරණය සඳහා පමණක් මෙනු අංකය භාවිතා කරන්න	0.5122539790712585
3199	Show Configuration Button	සැකසුම් බොත්තම පෙන්වන්න	0.5122490684650602
665	Interact with the Plasma desktop shell	ප්ලාස්මා වැඩතල ශෙලය සමඟ අන්තර්ක්‍රියාකාරීName	0.5122402151636047
4719	switches to synchronous mode for debugging	දෝෂහරණය සඳහා සමාකාලීක ආකාරයට මාරූ වීම	0.5120798006107451
2292	Enable automatic regeneration of start menu entries	ආරම්භක මෙනු ඇතුළත්කිරීම්හී ස්වයංක්‍රීය නැවත ජනනය සක්‍රීය කරන්නtooltip for checkbox	0.5120280855515311
4450	Plasma applet container and background painter	Plasma යෙදුම්පත් බහලුම සහ පසුබීම් Comment	0.512027756831618
3841	Slide when switching tabs	ටැබ අතර මාරුවීමේදී රූටායෑම	0.511996109836378
4504	Mouse Button Gesture	මූසික බොත්තම් ඉඟිය	0.5119884659712008
925	Show selection marker	තෝරාගැනීම් සලකුණුකරනය පෙන්වන්නoption: check	0.5119872062333122
3843	Animate switch	මාරුව සජීවීකරණය කරන්න	0.5119552846565937
808	Classic Tree View	සාම්ප්‍රධායික ගස් දසුනComment	0.511950896385014
601	Configure the window behavior	කවුළු හැසිරීම් සකසන්නName	0.5118225507421419
516	Configure Input Actions settings	ආදාන ක්‍රියා සැකසුම් වෙනස් කරන්නName	0.5117347916189294
2149	Signaled target abort	සංඥා කල ඉලක්ක පිටවීම	0.5114553694918639
1750	Show'Delete 'context menu entries which bypass the trashcan	ඉවලන බහලුම මඟහරින 'මකන්න' සන්දර්ඹ මෙනු ඇතුළත්කිරීම් පෙන්වන්න (n)	0.5114060754747366
1655	Offline browsing mode	මාර්ගගත නොවන ගවේශක ප්‍රකාරය (f)	0.5113082051316783
3067	Popup menu at mouse-cursor position	මවුස් කර්සර ස්ථානයේ පොප්- අප් මෙනුවක්	0.5112995915042492
3504	Use update interval of worksheet	වැඩපත්‍රය සඳහා යාවත්කාලීන කාල පරතරය භාවිත කරන්න	0.51118503833286
3963	Checking file system for new files	නව ගොනු සඳහා ගොනු පද්ධතිය පිරික්සමින්@ info: status	0.5111786449445409
2529	Changing authentication token	අවසර දීමේ ටෝකනය වෙනස් කරමින්	0.5111724527384709
661	Switch between virtual desktops	අතත්‍ය වැඩතල අතර මාරුවන්නName	0.5111103457569967
3964	File indexer is idle	ගොනු සූචිගත කිරීම නිශ්චලයි	0.5110397058796068
2823	Copy Link Address	සබැඳි ලිපිනය පිටපත් කරන්න	0.5110205444226323
1361	Selection Link Text against Selection Normal Background	සාමාන්‍ය පසුබිම තෝරාගැනීමට එරෙහිව සාමාන්‍ය ඈඳුතු පෙළ තෝරාගන්න	0.5107543360633655
832	Expandable Folders	විදහිය හැකි බහලුම්@ title: menu	0.5106704103758326
871	Expandable folders	විදහිය හැකි බහලුම්@ title: window	0.5106704103758326
269	Styling of the next generation desktop	ඊලඟ පරම්පරාවේ වැඩතල රටාName	0.5104882557819069
388	Native Plasma widget written in JavaScript	ජාවා ස්ක්‍රිප්ට මගින් ලියූ ප්ලාස්මා විජෙට්ටුName	0.5104090356980244
1697	& Manually specify the proxy settings	ප්‍රොක්සි සැකසුම් ශ්‍රමිකව නිවේශනය කරන්න (M)	0.5103496188470454
4584	Highlight toolbar buttons on mouse over	මවුසය ඉහලින් ගමන් කරන විට මෙවලම් තීරුවේ බොත්තම් උද්දීපනය කරන්න	0.5103485987198441
3870	Set menu translucency independently	මෙනුවට වෙනම පාරදෘශ්‍ය තාව සකසන්න	0.5102196045758614
705	Keyboard modifier and mouse buttons states	යතුරුපුවරු වෙනස්කිරීම් හා මවුස බොත්තම් තත්වName	0.5101972057597053
4547	Distance between desktop icons	තිරමුහුණත් අයිකන අතර දුර	0.5101761564011953
680	A CPU usage monitor	CPU භාවිතය නිරික්‍ෂකයName	0.5100797579564135
373	Search service file indexer	ගොනු සූචිකාරක සේවාව සොයන්නName	0.5100307979512031
3905	PHP Keyword/ Datatype list	PHP යතුරු වදන්/ දත්ත වර්‍ග ලැයිස්තුව	0.5099964916574073
1319	Save Color Scheme	වර්‍ණ තේමාව සුරකින්න	0.5095857047542738
2066	Prefix currency symbol	මුලට යොදන මූල්‍ය සංකේතය	0.5095780719129537
1864	Domain-Specific JavaScript Policies	ඩොමේන- නිවේශිත ජාවාස්ක්‍රිප්ට ප්‍රතිපත්ති	0.5094516618078428
915	Open archives as folder	සංරක්‍ෂිත බහලුම ලෙස විවෘත කරන්නoption: check	0.5093672700686539
142	Virtual MIDI Keyboard	අතත්‍ය MIDI යතුරුපුවරුවGenericName	0.509304684951999
186	Konsole default profile	කන්සෝල් පෙරනිමි පැතිකඩName	0.5092675981139827
2769	Combining Diacritical Marks for Symbols	ස්වරානුකූල ලකුණු සංකේත සඳහා සංයුක්ත කරන්න	0.5092370967735211
58	Configure Phonon	පොඩ්කාස්ට් සැකසීම	0.5091953581920258
3258	Bug fixes and improved startup performance	දෝෂ විසදීම් සහ ඇරඹුම් ක්‍රියාකාරිත්ව දියුණුව	0.509121708070532
140	Music Sequencer	සංගීත පිළිවෙළGenericName	0.509066685758368
3675	Setup Window Shortcut	ස්ථාපන කවුළු කෙටිමඟ	0.5090372193453075
2609	KFind Results File	KFind ප්‍රතිඵල ගොනුව	0.5090256999148672
1860	New JavaScript Policy	නව ජාවාස්ක්‍රිප්ට ප්‍රතිපත්තිය	0.5087843404472862
317	OpenPGP Key Search	OpenPGP යතුරු සෙවුමQuery	0.5087352729049879
1491	Cordless Optical TrackMan	රැහැන් රහිත ප්‍රකාශ ට්‍රැක්මෑන්	0.5087109325854818
3439	Original installer code	මූලික ස්ථාපක කේත	0.508483684003219
3081	Use graphical regexp editor	චිත්‍රක regxp සංස්කාරකය භාවිත කරන්න	0.5084488950835495
836	Select Remote Charset	දුරස්ථ චාසෙට් තෝරන්න	0.5084152355741371
162	Configure enhanced browsing	දියුණු කළ ගවේෂණ සැකසුම්Name	0.5084135759706437
597	Configure advanced window management features	උසස් කවුළු පරිපාලන විශේෂාංග සකසන්නName	0.508286695869281
2646	Delete Marked Files	තෝරාගත් අකුරු මකන්න	0.5082138978915606
682	A network usage monitor	ජාල භාවිතය නිරික්‍ෂකයName	0.5081781041914151
3204	Add web sidebar module	වෙබ් පැති පුවරුව එක් කරන්න	0.5081529452759406
2135	Device Subclass	උපාංගයේ උප- පංතිය	0.5081509243514817
3068	Save clipboard contents on exit	පිටවීමේදී ක්ලිප්පුවරු අන්තර්ගතය සුරකින්න	0.5080619731037517
3396	The interface style to use in KRunner	KRunner හී භාවිතා වන අතුරුමුහුණත් රටාව	0.5080382424479285
2914	Get system and desktop environment information	පද්ධති හා වැඩතල තොරතුරු ලබාගන්න	0.5080048988138357
2507	Name of the configuration file	සැකසුම් ගොනුවට නාමයක්@ action: inmenu	0.5078970839170974
737	Google Desktop Gadgets	ගූගල් වැඩතල ගැජට්ටුName	0.5078706716797449
1931	Use default stylesheet	පෙරනිමි හැඩපත භාවිත කරන්න (e)	0.5077722455912279
366	The Nepomuk file watch service for monitoring file changes	The Nepomuk ගොනු නැරඹීමේ සේවාව ගොනු වෙනස්කම් පිරික්සයිComment	0.5077553480447533
3279	Disable scrollback	ස්ක්‍රෝල් කිරීම අක්‍රීය කරන්න	0.5077450601393568
4398	The size of login images	පිවිසුම් පිංතූරයෙ ප්‍රමාණය	0.5076768815374174
855	Invert Selection	අන්වර්ත තේරිම@ action: inmenu Go	0.5075495425199507
2639	Size index to print fonts	අකුරු මුද්‍රණය සඳහා ප්‍රමාණ	0.5075172383336689
435	Standard Keyboard Shortcuts	සම්මත යතුරුපුවරු කෙටිමංComment	0.5074295535687251
3225	Detailed tooltips	සවිස්තරාත්මක මෙවලම්ඉඟිය	0.5072763535899115
1952	Suppress background images	පසුබිම් පිංතූර යටපත් කරන්න	0.5071570165554398
2231	System peripheral	පද්ධති පර්යන්ත	0.5071042753050459
194	Terminal Emulator	අග්‍ර එමියුලේටරComment	0.5070876287451476
5	Change playlist	වාදන ලැයිස්තුව සෙවුම	0.5070101304924983
3417	Use OpenGL screen savers	OpenGL තිරසුරැකුම් භාවිත කරන්න	0.5069535176413914
1833	Enable Access Key activation with Ctrl key	Ctrl යතුර මගින් පිවිසුම් යතුර සක්‍රීය කරන්න (y)	0.5068911699855143
28	Playlist Files on Disk	වාදන ලැයිස්තුව	0.5068887006487612
1096	Error fetching the bug report list	වැරදි වාර්ථා ලැයිස්තු ලබාගැනීමේ වරදක්@ info/ rich	0.5066546224024148
3803	Close windows by double clicking the menu button	මෙනු බොත්තම දෙවරක් ක්ලික් කර කවුළු වසන්න	0.506578880280872
37	Cover fetcher	කවර කළමණාකරු	0.5065341623609333
176	Configure the browser behavior	වෙබ් හැසිරීම සැකසීමName	0.506440644530973
1533	Small black cursors	කුඩා කළු කර්සර	0.5064049188880485
4084	Primary Battery	ප්‍රධාන බැටරිය	0.5063945314414322
1519	Change pointer shape over icons	අයිකන මතදී පොයින්ටරය වෙනස් කරන්න (n)	0.5063730284829194
293	Web widget style	වෙබ් මෙවලම් රටාවName	0.506298950224304
2304	Install Oxygen wallpapers	ඔක්සිජන් බිත්ති සැරසුම් ස්ථාපනය කරන්නtooltip for checkbox	0.5062875105020465
110	Configure file manager navigation	ගොනු කළමණාකරන සැරිසැරුම සැකසීමName	0.5062306438418215
748	Menu entry for The Plasma search and launch activity	ප්ලාස්මා සොයා ක්‍රියාකරවන ක්‍රියාවලියට මෙනු ඇතුළත් කිරීමක්Comment	0.5062163553478212
394	A User Interface server for Solid, the hardware detection system	දෘඩ සඳහා පරිශීලක මුහුණත් ධාරකයම, දෘඩාංග හඳුනාගැනීමේ පද්ධතියName	0.5061661766580651
1572	Setup services browsing with ZeroConf	ZeroConf සමඟ සේවා සෙවුම සකසන්න	0.5060851867225933
1115	Error fetching the bug report	වැරදි වාර්ථාව ලබා ගැනීමේ වරදක්@ info/ plain	0.5060736350562766
4020	Search file type	ගොනු වර්‍ගය සොයන්න	0.5060230588350322
35	Biased playlists	වාදන ලැයිස්තුව	0.5058561724329268
82	Configure playlist layouts...	වාදන ලැයිස්තු නාමය:	0.505741820460931
4200	Edit Profiles	පැතිකඩ සකසන්න	0.5056947430515367
598	Configure the window focus policy	කවුළෘ නාඹිගත කිරීමේ ප්‍රතිපත්ති සකසන්නName	0.5055337334110781
2120	Frame buffer properties	රාමු බෆර වත්කම්	0.5054872381992563
274	Highcolor version of the classic style	සාම්ප්‍රධායික රටාවේ අධිවර්ණ සංස්කරණයක්Name	0.5054799408718942
2847	Send Keyboard Input	යතුරුපුවරු ඇතුළත්කිරීම යවන්න	0.5054671068150626
287	Built-in unthemed Platinum style	තිළැලි තේමාරහිත ප්ලැටිනම් රටාවName	0.5053880317190936
4176	Viewer for Plasma wallpapers	ප්ලාස්මා පසුබිම්තිර සඳහා දර්ශකය	0.505387995789644
2201	Mass storage controller	අධි ගබඩා පාලකය	0.5053648245878065
1827	Middle click opens URL in selection	මධ්‍ය ක්ලිකය තෝරාගැනීමේ URL විවෘත කරයි (i)	0.5052910086302699
1887	JavaScript access controls Per-domain policies extensions	ජාවාස්ක්‍රිප්ට පිවිසුම් පාලක පෙර- ඉල්ලූ ප්‍රතිපත්ති දිගු	0.5052886671716403
918	Split view mode	දිස්වන ආකාරය බෙදන්න@ option: check Startup Settings	0.5052870793504678
2818	Info page support	තොරතුරු පිටු සහාය	0.5052746198469448
1703	Use persistent connections to proxy	ප්‍රොක්සිය සඳහා නිබැඳි සබඳතා භාවිත කරන්න	0.5052065039472645
4160	The geometry of the screen	තිරයේ ජ්‍යාමිතිය	0.5051558042525343
2208	Encryption controller	ගුප්තකේතන පාලකය	0.5051249300310109
3898	Highlighting for SQL	SQL සඳහා උපටීම	0.5048567330570254
2541	control socket	පාලක සොකට්ටුව	0.504852204371947
1742	Default password:	පෙරනිමි මුරපදය:	0.504774848440779
4163	List all web browser bookmarks	ගැළපෙන වෙබ් ගවේශක පොත් සලකුණු සොයමින්: q:. list of all konqueror bookmarks	0.5047122441709581
4443	Enhanced Browsing Plugin	දියුණු කළ ගවේෂණ ප්ලගීනයName	0.5046886155813457
1691	Automatically detect proxy configuration	සිවයංක්‍රීයව ප්‍රොක්සි සැකසුම් හඳුනාගන්න (u)	0.5046337397900915
681	A hard disk usage monitor	දෘඩ තැටි භාවිතය නිරික්‍ෂකයName	0.5045968431939033
3559	Drag sensors to empty cells of a worksheet	සංවේදක වැඩපත්‍රයේ හිස් කොටුවලට ඇදදමන්න	0.5045118909077725
2030	Show Dashboard	පාලක පුවරුව පෙන්වන්න	0.5044127244858148
113	Configure file manager view modes	ගොනු කළමණාකරුගේ සැසුම් සකසන්නName	0.5043870713030296
996	Error during the installation of debug symbols	නිවැරදිකරණ සංඛේත ස්ථාපනයේ වරදක්@ info	0.5043821014668872
2216	ATM network controller	ATM ජාල පාලකය	0.5043727036807087
3088	Strip whitespace when executing an action	ක්‍රියාවක් ක්‍රියාත්මක වීමේදී හිස් ඉඩ ඉවත් කරන්න	0.5043164634893103
760	Engine to handle queries to SAL containment	SAL ධාරක විමසීම් හැසිරවිම සඳහා එන්ජිමName	0.5042325576472442
2283	System's default desktop shell	පද්ධතියේ පෙරනිමි වැඩතල ශෙල්tooltip for option in switching Windows Desktop shells	0.5040933453840047
1009	Select Filename	ගොනු නාමයක් තෝරන්න@ info	0.5040873500342675
999	Invalid bug list: corrupted data	වලංගු නොවන වැරදි ලැයිස්තුවක්: දූශිත දත්ත@ info	0.5039969279241646
3087	Dummy entry for indicating changes in an action's tree widget	ක්‍රියාවේ ගස් විජෙට්ටුවේ වෙනස්කම් දැක්වීම සඳහා ව්‍යාජ ඇතුළත් කිරීමක්	0.5039078004427344
2125	OpenGL version	OpenGL සංස්කරණය	0.5038476921549407
4631	A little program to output installation paths	ස්ථාපන මාර්‍ග දැක්වීමට කුඩා වැඩසටහනක්	0.5037522382962223
2910	Supported Pixmap Formats	සහාය දක්වන පික්සෙල සංයුති	0.5037499495486122
697	Data Engine for getting favicons of web sites	වෙබ් අඩවි වල favicon ලබාගැනීමේ දත්ත එන්ජිමName	0.5036561521717706
1003	Missing debug symbols	නොපවතින නිවැරදිකරණ සංඛේත@ info: progress	0.5036179240488963
2211	VGA unclassified device	VGA වර්ග නොකල උපකරණයක්	0.5032801768978904
3263	Manage Profiles	පැතිකඩ කළමණාකරනය	0.5030929902277005
4817	Select Signing Key	අත්සන් කරන යතුර තෝරන්න	0.5030902453935763
432	Choose application-launch feedback style	භාවිතයෙදවුම්- ආරම්භක ප්‍රතිචාර රටාව තෝරන්නName	0.5030571072809833
3947	Index Files on Removable Media	ඉවත්කල හැකි මාධ්‍ය වල සූචි ගොනු	0.5030471764220693
794	Device Adapter	උපකරණය ඇඩැප්ටරයName	0.5030297570572135
3572	Sets the initial tooltip for the tray icon	තැටි අයිකනය සඳහා තනි ටූල්ටිපයක් සකසයි	0.50302622316561
2784	CJK Compatibility Ideographs	CJK අනුකූල චිත්‍රක ලිපි	0.5030028893918829
4097	Audio Device Type	ශ්‍රව්‍ය උපකරණ වර්‍ගය	0.5029317752322333
3077	Popup at mouse position	මවුස ස්ථානයේ පොප්- අප්	0.5029308983755516
4157	Slight Chance Thunderstorms	අකුණු කුණාටුවට මද ඉඩක් තිබේ	0.5028128310379671
230	Help center search index configuration and generation	උදව් මධ්‍යස්ථාන සූචිය සැකසීම හා ජනනයName	0.5026860304361968
3979	Netscape plugin viewer	Netscape ප්ලගින දර්ශකය	0.5025920941358964
815	Local Network Browsing	ප්‍රාදේශීය ජාල ගවේශනයComment	0.5025906607350169
916	Open folders during drag operations	ගෙනයාම් අතරේබහලුම් විවෘත කරන්න@ title: group	0.5025798797367019
1294	Activation Gestures	සක්‍රීයකරණ හැසිරීම්	0.5025044172106162
1331	Inactive selection changes color	අක්‍රීය තෝරාගැනීම් වර්ණ වෙනස් කරයි (a)	0.5024880174361512
1366	Selection Neutral Text against Selection Normal Background	සාමාන්‍ය පසුබිම තේරීමට එරෙහිව ස්වභාවික පෙළ තේරීම	0.5024396688653558
3533	Specify graph range:	ප්‍රස්ථාර පරාසය සඳහන් කරන්න:	0.50238761837362
3892	The Editing Commands	සැකසුම් විධාන	0.5023829767563929
4532	Do Not Suppress Debug Output	නිදොසීම් ප්‍රතිදානය යටපත් කරන්න එපා	0.5021608901273182
374	Initial Indexing started	තනි සූචිකරණය ඇරඹිනිComment	0.5020102536578953
4728	mirrors the whole layout of widgets	සම්පූර්ණ විජට් පිරිසැලසුම දර්පණයකින් මෙන් පෙන්වයි	0.5019891707527233
3873	Remove installed Start Menu entries	ස්ථාපිත ආරම්ඹක මෙනු ඇතුළත්කිරීම් ඉවත් කරන්න	0.5019845594469123
2245	Satellite audio communication controller	චන්ද්‍රිකා ශ්‍රව්‍ය සන්නිවේදන පාලකය	0.5019692797724316
939	Columns view mode	දිස්වන ආකාරය බෙදන්න@ title: menu	0.5019691358466143
10	Video Clip Settings	විකිපිඩීයාව	0.5018670482198674
3270	Browse for initial directory	ආරම්භක බහලුම සඳහා ගවේශනය	0.5018393198532253
2203	Generic system peripheral	සාමාන්‍ය පද්ධති පර්යන්ත උපාංග	0.5016957375711094
4075	CD Rewritable	CD නැවත ලිවිය හැකි	0.5016088003936928
3192	Add Bookmark	සලකුණු කරන්න	0.5015705174818486
3844	Animation on tab box open	ටැබ කොටුව විවෘත කිරීමේදී සජීවීකරණය	0.5015032481882964
738	Web Widgets	වෙබ් මෙවලම්Comment	0.5014441997379729
3464	Colorful hovered scrollbars	වර්ණවත් ස්ක්‍රෝල් තීරුව	0.501411826406181
704	Keyboard and Mouse State	යතුරුපුවරුව සහ මවුස තත්වයComment	0.5014093517156089
4291	Divide CPU usage by number of CPUs	CPU ගණනෙන් CPU භාවිතාව බෙදන්න	0.5014030211234621
728	KRunner which performs desktop searches via Nepomuk	Nepomuk යොදාගෙන වැඩතල සෙවුම් ඉටුකරන KRunnerComment	0.501279470140652
1478	Installing icon themes	අයිකන තේමා ස්ථාපනය කරමින්	0.5012746566026872
167	Configure the proxy servers used	භාවිතවන ප්‍රොක්සි සේවා දැකසුම්Name	0.5012069914149382
3407	Run Command on clipboard contents	ක්ලිප් පුවරු මත ක්‍රියා විධානය	0.5011879275721515
1308	Pre-KDE startup	මූලික- KDE ආරම්භය	0.5011009028561277
3228	Show file tips	ගොනු ඉඟි පෙන්වන්න	0.5010418810802238
3961	File indexer is suspended	ගොනු සූචිකාරකය නැවතිනි@ info: status	0.5010383807558556
1281	Use & sticky keys	ඇලෙන යතුරු භාවිත කරන්න (s)	0.5010031890737472
3672	Walk Through Desktop List	වැඩතල ලැයිස්තුව අතරින් ගමන් කරන්න	0.500930348308717
2251	Unknown encryption controller	නොදන්නා ගුප්තකේතන පාලකය	0.5008883042700853
3076	Clipboard history size:	ක්ලිප් පුවරු ඉතිහාස ප්‍රමාණය	0.5008589587343705
3413	Random screen saver	අහඹු තිරසුරැකුම	0.5008457366824394
2582	Directory to scan for extra bookmarks	අමතර පිටු සලකුණු සඳහා සෙවිය යුතු බහාළුම	0.5008387265105534
2299	Install Oxygen cursors as Windows cursor schemes	Windows කර්සර රටා ලෙස ඔක්සිජන් කර්සර ස්ථාපනය කරන්නwhatsThis tooltip	0.5007883729521733
368	The Nepomuk Query Service provides an interface for persistent query folders	Nepomuk විමසුම් සේවාව පවතින විමසුම් බහාළුම් සඳහා අතුරු මුහුණතක් සපයයිComment	0.5007775388341827
3452	Show window fullscreen	කවුළුම මුළු තිරයේ පෙන්වන්න	0.5007254463973088
729	Open Devices and Folder Bookmarks	උපකරණ හා බහාළුම් පොත්සලකුණු විවෘත කරන්නComment	0.5006812423580789
1692	Use the specified proxy script URL to configure the proxy settings.	ප්‍රොක්සි සැකසුම් වෙනස් කිරීමට දෙනලද ප්‍රොක්සි ස්ක්‍රිප්ට URL ලිපිනය භාවිත කරන්න.	0.5006670609355052
1	Downloading remote playlist	වාදන ලැයිස්තුව සෙවුම	0.5005984547964987
683	A RAM usage monitor	RAM භාවිතය නිරික්‍ෂකයName	0.500590495887125
914	Double-click to open files and folders	ගොනු සහ බහලුම් විවෘත කිරීමට ද්වි ක්ලික් කිරීම@ option: check	0.500511481477137
2198	Per vector masking	වෙක්ටර් වැස්මක් බැගින්	0.5004807601944389
3547	List View Settings	ලැයිස්තුව දසුන් සැකසුම්	0.5003071957907689
1336	Button Background	බොත්තම් පසුබිම	0.5002953984996955
1339	Active Titlebar	සක්‍රීය ටූල්ටිපය	0.5002796617914719
3714	Suspend Compositing	බැඳීම නවතන්න	0.5002472791390249
2327	Show expanded host info	දිගු කල ධාරක තොරතුරු පෙන්වන්න	0.5002168560511854
4178	Installed wallpaper plugins:	ස්ථාපිත පසුබිම්තිර ප්ලගින:	0.5002144617743838
761	Workspace shell for netbook devices.	නෙට්බුක් උපකරණ සඳහා වැඩබිම් ශෙලයName	0.5002051169194828
51	Bookmark Media Sources View	සංයුතිය තෝරන්න:	0.5001974761702073
4441	Storage backend for KConfig	KConfig සඳහා ගබඩා පසුඈදුමName	0.5001180047856247
949	Bug Reporting Assistant Guide	වැරදි වාර්ථාකරණ සහායක පියවර නියමුව@ info/ rich	0.5001162744564778
4581	Enable SOCKS support	SOCKS සහය සක්‍රීය කරන්න	0.500097087773596
294	Debian Package Search	Debian ඇසුරුම් සෙවුමQuery	0.49999531593549396
4247	Let PowerDevil manage screen powersaving	PowerDevil හට තිර බල සුරැකුම කළමනාකරනය කිරීමට ඉඩදෙන්න	0.4998169442542365
746	Special Containment with Launcher	ආරම්භකය සමඟ විශේෂ ධාරකයName	0.4997356978425477
2925	Unknown application folder	නොදන්නා යෙදුම් බහලුම	0.49966402818793826
567	Effect to outline geometry while resizing a window	කවුළුවක් ප්‍රතිප්‍රමාණය කරනවිට පිටත දාරයේ ජ්‍යාමිතිය සඳහා වන සැරසුමName	0.4996109704204524
580	Simulate snow falling over the desktop	වැඩතලය මත හිම වැටීමක් අනුකරණය කරන්නName	0.4994323303765663
2249	Network and computing encryption device	ජාල පරිගණක ගුප්තකේතන උපකරණය	0.4992038112579115
4561	Fonts for toolbars	මෙවලම් තීරු සඳහා වර්‍ණ	0.49919229210959204
4263	Critical battery level	දරුණු ලෙස පහළ බැටරි මට්ටම	0.4991826215081906
3463	Draw tree branch lines	රුක් ශාඛා රේඛා අඳින්න	0.4991796353058865
4399	The default image file	පෙරනිමි පිංතූර ගොනුව	0.4991225660072804
1502	Double click interval:	ද්විත්ව ක්ලික් කාල පරාසය:	0.49909375456944155
1537	Small white cursors	කුඩා සුදු කර්සර	0.498905138787904
55	Repopulate Playlist	ලැයිස්තුව (P)	0.49889880557913896
2232	Unknown system peripheral	නොදන්නා පද්ධති පර්යන්ත	0.49883569159355845
4076	DVD Rewritable	නැවත ලිවිය හැකි DVD	0.4987682559268195
727	File and URL opener	ගොනු සහ URL විවෘතකරණයName	0.49876259587283
938	Details view mode	දිස්වන ආකාරය බෙදන්න@ action: inmenu View Mode	0.49873263028153714
1363	Selection Active Text against Selection Normal Background	සාමාන්‍ය පසුබිම තෝරාගැනීමට එරෙහිව සක්‍රීය පෙළ තෝරාගන්න	0.49871053077505495
2126	client GLX version	සේවාලාභී GLX සංස්කරණය	0.49870574841606125
2279	Disable & system configuration startup check	පද්ධති සැකසුම් ආරම්භක පිරික්සුම අක්‍රීය කරන්න (s)	0.4987033918426797
3486	Milliseconds spent writing	ලිවිමට ගත කළ මිලිතත්පර	0.4987008113914666
3845	Animation on tab box close	ටැබ් කොටුව වසාදැමීමේදී සජීවීකරණය	0.49863879949899875
4034	Wallpaper Actions	[වෙනත් ක්‍රියා]	0.4985804938223372
936	Show preview of files and folders	ගොණු හා බහාළුම් පෙළ ගැස්වීමේදී බහාළුම් ප්‍රථමයෙන් පෙන්වන්න@ action: inmenu Sort	0.49856527178117954
739	Dashboard	පාලක පුරුවComment	0.49856137204058065
553	Flip Switch	උඩට ගැනීම් මාරුවComment	0.49854078413421427
4531	Only Run HTML Tests	HTML පරීක්‍ෂණය පමණක් ක්‍රියාත්මක කරන්න	0.4985299274534152
4617	Check file timestamps	ගොනුවේ වේලා සටහන් දක්වන්න	0.49844755909424127
417	Display Settings	සංදර්ශන සැකසුම්Comment	0.4983991016411884
3808	& Show window resize handle	කවුළු ප්‍රථිප්‍රමාණ අල්ලුව පෙන්වන්න (S)	0.49833613289278217
1183	Show trace	මාර්‍ගය පෙන්වන්න	0.49832841910926273
763	Display brightness, suspend and power profile settings	දර්ශකයේ දීප්තිය, අත්හිටුවීම හා බල පැතිකඩ සැකසුම්Comment	0.4982452249252743
1886	Accept character sets:	අකුරු කට්ටල පිළිගන්න:	0.49812147771990306
706	Mouse position and cursor	මවුස ස්ථානය හා කර්සරයName	0.49810459452596856
3481	Buffered Memory	ගබඩා කළ මතකය	0.4981038379819146
1034	Save login information using the KDE Wallet system	KDE පසුම්බි පද්ධතිය භාවිත කරමින් පිවිසුම් තොරතුරු සුරකින්න@ label	0.49809937569981194
39	Filter Music Sources	සංයුතිය තෝරන්න:	0.498087502726445
2175	Discard timer system error	ඉවතදමන වේලා පද්ධති දෝශයක්	0.49805977180499966
3855	Apply effect to the desktop	වැඩතලය වෙත සැරසිල්ල ඇතුලත් කරන්න (t)	0.4980321960822037
3180	Load View Profile	දසුන් පැතිකඩ පූරණය	0.49798525115492204
3078	Keep clipboard contents	ක්ලිප්පුවරු අන්තර්ගතය තබාගන්න	0.497956965748799
3777	Draw & small caption bubbles on active windows	සක්‍රීය කවුළු මත කුඩා මාතෘකා බුබුල් අඳින්න (s)	0.4978846557492474
2726	Select size to print font:	අකුරු මුද්‍රණය සඳහා ප්‍රමාණය තෝරන්න	0.49783123740467294
785	Bluetooth management using the BlueZ stack	BlueZ භාවිතයෙන් Bluetooth පරිපාලනයName	0.4977960493948976
1041	Bug Report Possible Duplicates List	වැරදි වාර්ථා පවතින පිටපත් ලැයිස්තුව@ title	0.4977404462068048
2288	Press to setup your custom desktop shell	ඔබේ රුචි වැඩතල ශෙලය ස්ථාපනයට ඔබන්නwhatsThis for button to setup custom Desktop shells	0.4977306151805656
582	Display window thumbnails when hovering over taskbar entries	ක්‍රියා තීරු ඇතුළත්කිරීම් වලට ඉහළින් හැසිරෙන විට කවුළු කුඩා රූ පෙන්වන්නName	0.49768383049998643
3287	Default character encoding:	පෙරනිමි අක්‍ෂර සංකේතාංඛනය:	0.49766148872159943
3483	Write Accesses	ලිවීමේ ප්‍රවේශ	0.49763110033462177
4254	Advanced Battery Settings	වැඩමනත් බැටරි සැකසුම් සැකසුම්	0.4976165280131614
2119	Max. viewport dimensions	උපරිම. දර්ශක මාන	0.4975871050508994
199	Basic link to file or directory...	ගොනුව හෝ බහාළුමට මූලික ඈඳුතුවComment	0.49753941684400504
1428	How to Change Desktop Theme	වැඩතල තේමාව වෙනස් කරන්නේ කෙසේද	0.4975106442721679
4115	light thunderstorm	කුඩා අකුණුweather condition	0.4974947351132538
1577	Keyboard Repeat	යතුරුපුවරු නැවත යෙදීම	0.49742518460477486
4453	Configure SSL, manage certificates, and other cryptography settings	SSL සැකසීම, සහතික කළමණාකරනය සහ වෙනත් සංකේතාන්කන සැකසුම්Comment	0.49735084221077147
877	Text completion mode of the URL Navigator	URL නියමුවේ පෙළ සම්පූරක ප්‍රකාරය	0.4972588917652728
3047	Manually Invoke Action on Current Clipboard	වත්මන් ක්ලික් පුවරුව මත ක්‍රියාවක් ශ්‍රමිකව අවදි කරන්න	0.4972126545835234
3237	Edit Profile	පැතිකඩ වෙනස් කරන්න	0.4971607102770385
1489	Cordless TrackMan Wheel	රැහැන් රහිත ට්‍රැක්මෑන් රෝදය	0.49713574484063816
1159	Extracting search terms	සෙවුම් වදන් විහිදුවමින්	0.49710152885389125
1535	Large black cursors	විශාල කළු කර්සර	0.4970892876162622
3075	Timeout for action popups:	ක්‍රියා පොප්- අප් සඳහා කල් ඉකුත්වීම:	0.49707629873519615
4500	Mirror pages along vertical axis	කැඩපත පිටුව සිරස් අක්‍ෂය දිගේ	0.49704932867181517
3726	Switch to window tab	කවුළු ටැබයට මාරුවන්න	0.4970289518110687
2631	Error while using locate	locate භාවිත කිරීමේ වරදක්	0.4970143165330405
4000	Enter a customized title	රුචිකල හැකි මාතෘකාවක් එක් කරන්න	0.4969893262677213
2773	Miscellaneous Symbols and Arrows	විවිධ සංකේත හා ඊතල	0.496987946214919
2107	& Player Settings	ධාවක සැකසුම් (P)	0.49698657342677566
2179	CardBus control	CardBus පාලකය	0.496981121665204
3093	Clipboard/ Selection Behavior	ක්ලිප් පුවරුව/ තෝරාගැනීම් හැසිරීම	0.49696691502377127
913	Single-click to open files and folders	ගොනු සහ බහලුම් විවෘත කිරීමට තනි ක්ලික් කිරීම@ option: check Mouse Settings	0.4969174706259555
4721	sets the default foreground color	පෙරබිම් පෙරනිමි වර්‍ණය සකසයි	0.49689425230308176
1800	Hide filtered images	පෙරූ පිංතූර සඟවන්න	0.49687769454171454
3793	Use window title	කවුළු මාතෘකාව භාවිත කරන්න	0.49687089809893004
4442	Plugin for the Properties Dialog	වත්කම් සංවාද කොටුව සඳහා ප්ලගීනයName	0.4968238934633751
4722	sets the default button color	පෙරනිමි බොත්තම් වර්‍ණය සකසයි	0.496821684458046
3813	Toggle Video Recording	දෘශ්‍ය වීඩියෝවට මාරුවෙන්න	0.4968120533227006
669	Battery Monitor	බැටරි නිරීක්‍ෂකයComment	0.49679531130804855
4290	Display command line options	විධාන රේඛීය අභිප්‍රේත පෙන්වන්න	0.49677171049828933
196	Shortcut icon support	කෙටිමං අයිකන සහායComment	0.49674376319902613
568	Animate the appearing of windows	කවුළුවල දැක්වීම සජීවීකරණය කරන්නName	0.49673641179999733
3275	Edit the selected color scheme	වර්‍ණ ක්‍රමය සකසන්න	0.4965642577223518
473	An extensible window manager scriptable with an Emacs Lisp-like language	දිගුකල හැකි කවුළු කළමණාකරු Emacs Lisp- වැනි භාශාවකින් සැකසිය හැකName	0.49650161358758144
3046	Enable Clipboard & Actions	ක්ලිප් පුවරු ක්‍රියා සක්‍රීය කරන්න (A)	0.49649949910073077
1364	Selection Inactive Text against Selection Normal Background	සාමාන්‍ය පසුබිම තෝරාගැනීමට එරෙහිව අක්‍රීය පෙළ තෝරාගන්න	0.4964853041250229
1539	Large white cursors	විශාල සුදු කර්සර	0.4964821926798343
4227	When laptop lid closed	ලැප්ටොප් තිරය වැසූ විට	0.49645163806596887
179	Configure settings that can improve Konqueror performance	Konqueror කාර්‍යක්‍ෂමතාව දියුණුකිරීමට හැකි සැකසුම් වෙනස් කරන්නName	0.49639594067809323
462	A window manager for handheld devices	හස්තය මත තබන උපකරණ සඳහා කවුළු කළමණාකරුName	0.49628395624028276
4079	HD DVD Rewritable	නැවත ලිවිය හැකි HD DVD	0.4962355987199137
2794	Cuneiform Numbers and Punctuation	Cuneiform අංක හා විරාම ලකුණු	0.4962089264142087
4405	View Highscore Table	ඉහළම ලකුණු වගුව බලන්න	0.49609371988831624
4732	Disable crash handler, to get core dumps	අනතුරු හසුරුවනය අක්‍රිය කරයි, dumps හි හරය ලබා ගැනීමට	0.49609164387543164
2472	Installing KDM themes	KDE තේමා ස්ථාපනය කරමින්@ info: progress	0.49602751841429166
1859	Global JavaScript Policies	ගෝලීය ජාවාස්ක්‍රිප්ට ප්‍රතිපත්ති@ title: group	0.49594548418295
3900	Highlighting for ILERPG	ILERPG සඳහා උපුටීම	0.4958967752548955
1224	Deactivate All AccessX Features & Gestures	සියළු AccessX විශේෂාංග හා ඉඟි අක්‍රීය කරන්න	0.49582493165612684
372	Successfully converted Nepomuk data to new backend	Nepomuk දත්ත නව පසුබිමකට සාර්ථකව හැරිනිName	0.4957504870568525
236	Quickstart Guide	ක්‍ෂණික ඇරඹුම් සහායComment	0.49573554819281007
1078	Manually enter a bug report ID	වැරදි වාර්ථා අංකය ශ්‍රමිකව ඇතුළත් කරන්න@ action: button	0.49560288935659713
657	Change which CPU scheduler is to schedule the running of a given process	දෙනලද සැකසුම කාර්‍ය්ය සටහන් කිරීම සඳහා CPU කාර්‍යය සටහන වෙනස් කරන්නName	0.49560213676585413
3869	Fading duration:	අවපැහැ කාලසීමාව: Duration of fading	0.49559818353297447
787	Hardware Integration Configuration with Solid	දෘඩ සමඟ දෘඩාංග ඇතුලත් කීරීමName	0.4955965760233493
1340	Inactive Titlebar	අක්‍රීය මාතෘකා පෙළ	0.49554153407283247
886	Show tooltips	මෙවලම්ඉඟි පෙන්වන්න@ option: check	0.49550042787098547
2259	USB Device	USB මෙවලම	0.49542550055173357
4042	Focal Length	නාඹි දුර@ label	0.4953838757519879
664	A containment for a panel	පැනලය සඳහා ධාරකයName	0.495368014022138
2571	Export bookmarks to a file in a printable HTML format	පිටු සලකුණු මුද්‍රණය කල හැකි HTML හැඩසවියට ගොනුවකට නිර්යාත කරන්න	0.4952456356451223
4267	Scaling capability	ප්‍රමාණකරණ හැකියාව	0.49521001963423766
6	Media Device playlists	වාදන ලැයිස්තුව සෙවුම	0.4951692148372546
309	Microsoft Developer Network Search	Microsoft සංවර්ධක ජාල සෙවුමQuery	0.49509518224449584
3171	Konqueror Introduction	Konqueror හදුන්වාදීම	0.4950594847267892
1801	URL Expressions to Filter	පෙරහන සඳහා URL ප්‍රකාශන	0.49501592124661625
742	Panel for Mobile Internet Devices	ජංගම අන්තර්ජාල උපකරණ සඳහා පැනලයName	0.4949874629838612
2236	Generic docking station	සාමාන්‍ය පර්යන්ත මධ්‍යස්ථානය	0.49498066151509695
690	Creates a widget from the contents of the clipboard	ක්ලිප් පුවරුවේ අන්තර්‍ගතය භාවිතයෙන් විජෙට්ටුවක් නිර්‍මාණය කරන්නName	0.494967441574786
421	Configure the login manager (KDM)	පිවිසුම් කළමණාකරු සකසන්න (KDM) Name	0.4949575199386134
1975	Switch to Previous Desktop	පෙර වැඩතලයට මාරුවෙන්න	0.4949325991531205
3703	Switch to Previous Desktop	මීට පෙර වැඩතලයට මාරුවන්න	0.4949325991531205
1696	Manually enter proxy server configuration information.	ප්‍රොක්සි ධාරක සැකසුම් තොරතුරු ශ්‍රමිකව නිවේශනය කරන්න.	0.4949120321888442
3688	Window to Previous Desktop	කවුළුව මීට පෙර වැඩතලයට	0.49488937781312564
2020	Block global shortcuts	ගෝලීය කෙටිමං වලකන්නNAME OF TRANSLATORS	0.49485448773780416
3589	Customize the icon theme	අයිකන තේමාව රිසිසේ සකසන්න	0.494796985356104
614	Virtual desktop ten is selected	දහ වැනි අතත්‍ය වැඩතලය තෝරාගැණිනිName	0.49477281599496253
2547	cancel shutdown	වසාදැමීම අවංගු කරන්න	0.4947652592127322
3506	Connect Host	ධාරකයට සම්බන්ධ වන්න	0.49475642803756953
4132	Chance Thunderstorms	අහම්බෙන් අකුණු කුණාටුවweather forecast	0.4947205418817993
4180	The desired width in pixels	තෝරාගත් පළල පික්සෙල වලින්	0.49470693098621565
3901	Highlighting for LaTeX	LaTeX සඳහා උපුටීම	0.4946576201262272
3847	Use additional thumbnail bar	අමතර කුඩාරූප තීරුව භාවිත කරන්න	0.49465571197923625
1359	Selection Normal Text against Selection Normal Background	සාමාන්‍ය පසුබිම තෝරාගැනීමට එරෙහිව සාමාන්‍ය පෙළ තෝරාගන්නcolor- kcm- preview	0.4945233472698938
4406	Show Settings	සිටුවම් පෙන්වන්න	0.49452130327343724
243	Contains removed files	මකන ලද ගොනු ඇතDescription	0.4945107317255499
3645	Store network passwords and local passwords in separate wallet files	ජාල මුරපද හා ප්‍රාදේශීය මුරපද වෙන්වූ පසුම්බි ගොනු ලෙස සකසන්න.	0.49443003575864847
1365	Selection Negative Text against Selection Normal Background	සාමාන්‍ය පසුබිම තෝරාගැනීමට එරෙහිව ඍන පෙළ තෝරාගන්න	0.49436751168372106
2262	Secure device	ආරක්‍ෂිත උපාංගය:	0.4943265016275477
2562	Bookmark Editor	පිටු සලකුණු සකසනය	0.4942156943344197
1398	Running the configuration tool failed	සැකසුම් මෙවලම ක්‍රියාත්මක කිරීම අසාර්ථකයි	0.4942108278146014
218	Service Discovery	සේවා අනාවරණයComment	0.4941872079317788
866	Order in which to sort files	ගොණු පෙළ ගැසීමේ ක්‍රමය@ label	0.49418694337597163
119	Data Display Debugger	දත්ත දර්ශක නිවැරදිකරණයName	0.4941807738350052
3871	Dropdown menus:	ගලාහැලෙන මෙනු:	0.4941210403831172
4257	Low battery level	අවම බැටරි මට්ටමක්	0.4940820215454702
2204	Input device controller	ආදාන උපකරණ පාලකය	0.494078514335906
668	Tab bar to switch activities	ක්‍රියාකාරකම් මාරු කිරීමට ටැබ් තීරුවක්Name	0.4940593341088479
974	Sending the Crash Report	බිඳවැටීම් වාර්ථාව යවන්න@ info/ rich	0.494040533372975
891	Show the space information in the statusbar	තත්ව තීරුවේ ඉඩ තොරතුරු පෙන්වන්න@ info: status	0.493998062744886
2158	CardBus number	CardBus අංකය	0.4939847830862057
143	Playlist Tool	වාදක ලැයිස්තු මෙවලමName	0.4938584404334039
411	Color settings	වර්‍ණ සැකසුම්Name	0.49381497304518546
1641	& Flatten bookmarks tree	පැතලි පොත්සලකුණු ගස (F)	0.4938112964335883
1081	Retry search	සෙවීම නැවත උත්සාහ කරන්න@ info: tooltip	0.4938071435624092
740	Controls for the active window	සක්‍රීය කවුළුව සඳහා පාලකName	0.4938070938253261
2313	Show closed connections	වසා ඇති සබඳතා පෙන්වන්න	0.4937762342717999
3825	Close after mouse dragging	මවුස ඇදීමෙන් පසුව වසාදමන්න	0.4937174424535171
3401	Enable screen saver	තිර සුරැකුම සක්‍රීය කරන්න	0.49371450921830334
534	Configure the session manager and logout settings	වාර කළමණාකරු හා පිටවීම් සැකසුම් වෙනස් කරන්නName	0.4936723012951869
673	Open with File Manager	ගොනු කළමණාකරු සමඟ ආරම්භ කරන්නName	0.49365526193927756
3815	Toggle Thumbnail for Current Window	වත්මන් කවුළුව සඳහා කුඩාරූපයට මාරුවන්න@ action Enables/ Disables an effect that makes windows more sharp	0.49364129596615186
75	Delete playlist layout	වාදන ලැයිස්තු නාමය:	0.4936195207467521
273	HighColor Classic	අධි වර්ණ සාම්ප්‍රදායිකComment	0.493593047936286
4021	File name pattern:	ගොනු නාම රටා:	0.4935318040205282
2162	Prefetchable memory behind bridge	පාලම පසුපස ඇති පෙර කැඳවුම් මතකය	0.4935272058718155
2569	Export bookmarks to a file in Mozilla format	Mozilla හැඩසවියට පිටු සලකුණු ගොනුවකට නිර්යාත කරයි	0.4934966934132025
1367	Selection Positive Text against Selection Normal Background	සාමාන්‍ය පසුබිම තෝරාගැනීමට එරෙහිව ධන පෙළ තෝරාගන්න	0.49349039683957013
3783	Regular expression to match:	ගැලපීම සඳහා සාමාන්‍ය ප්‍රකාශන:	0.4934532768364503
3897	Highlighting for VHDL	VHDL සඳහා උපුටීම	0.49344234650554186
2787	Variation Selectors	විචල්‍ය තෝරාගැනීම්	0.49342277438503074
3782	Matching window property:	ගැලපෙන කවුළු වත්කම්:	0.4934108298516488
466	A lightweight window manager based on Blackbox	Blackbox පාදක කරගත් සැහැල්ලු කවුළු කළමණාකරුවෙක්Name	0.4934065278995181
540	Display a Cover Flow effect for the alt+tab window switcher	alt+tab කවුළු මාරුකිරීම සඳහා කවර ඇදහැලීමක් දක්වන්නName	0.4933590899473241
3959	New backend	නව පසු ඉමක්	0.4933283597834395
659	Launcher to start applications	යෙදුම් ආරම්භ කිරීමට ආරම්භකයName	0.4932757156542362
4016	Hide Files Matching	ගොනු ගැලපුම සඟවන්න	0.4932529718067827
2573	Export bookmarks to a file in Opera format	Opera හැඩසවියට පිටු සලකුණු ගොනුවකට නිර්යාත කරයි	0.4932210197785401
741	Search Box for a given RunnerManager	දෙනලද ක්‍රියාකරවුම් පාලකය සඳහා සෙවුම් කොටුවName	0.4932207781764341
998	Invalid bug report: corrupted data	වලංගු නොවන වැරදි වාර්ථාවක්: දූශිත දත්ත@ info	0.4931981009809313
3138	Developer (Netscape plugin support)	සංවර්‍ධක (Netscape ප්ලගීන සහාය)	0.49318187832558025
4585	Show text on toolbar icons	මෙවලම් තීරුවේ අයිකන මත පෙළ දර්ශනය කරන්න	0.4931632960876223
4127	Blowing Sand	වැලි සුළඟweather forecast	0.4931211253191143
2594	*. html_BAR_HTML Bookmark Listing	*. html_BAR_HTML පොත්සලකුණු ලැයිස්තුකරණය	0.49309496064288444
1370	Link Text on Normal Background	සාමාන්‍ය පසුබිමේ ඈඳුතු පෙළcolor- kcm- set- preview	0.4930741246580151
3909	Set encoding for the file to open	ගොනව විවෘත කිරීමට සංකේතනය සකසන්න	0.49306438882288683
723	Find and open bookmarks	පොත්සලකුණු සොයා විවෘත කරන්නName	0.49303139328703627
2142	Parity checking	සමානත්ව සෙවුම	0.49295260496308013
3160	Link View	සබැඳි දසුන (k)	0.49286719742460616
4868	Configure Shortcuts	කෙටි මං සකසන්න	0.4928409040132703
1487	Cordless Wheel Mouse	රැහැන් රහිත රෝද මවුසය	0.49282968703617
4734	sets the application GUI style	යෙදුම් පරිශීලක දර්ශණ මුහුණත සකසයි	0.49279187532440116
2194	Optimum asynchronous request size	ප්‍රශස්ත අසම්මුහුර්ත ඉල්ලීම් ප්‍රමාණය	0.49277034619208565
712	RSS News Data Engine	RSS ප්‍රවෘත්ති දත්ත එන්ජිමName	0.4927204145005441
