	english	sinhala	Similarity score	Alignment score
862	Mailing list	තැපැල් ලැයිස්තුව	0.5170508316999171	1.0
634	Thumbnails	සිඟිති රූ	0.5132009723518198	0.85
547	Message sent	යැවූ පණිවිඩය	0.5125954864234883	0.5
108	Relaunch	යළි දියත් කරන්න	0.5098395812963382	0.6875
1339	Check spelling	අක්‍ෂර වින්‍යාසය පරික්‍ෂාකරන්න	0.5072500815399215	0.46129
874	Select folder	බහලුම තෝරන්න	0.5058365761807377	0.480769
196	Device Support	උපාංග සහාය	0.5056313542976911	0.493939
979	Add Files	ගොනු එක් කරන්න	0.5042919794974239	0.366667
708	Copy the selection	තෝරාගත් කොටස අලවන්න	0.5027646770719465	0.769737
211	Keyboard Modifiers	යතුරුපුවරු විකරණකාරකය	0.5020672062329298	0.513158
570	Reconnect	නැවත සම්බන්ධවෙන්න	0.5011393794515443	0.861111
632	Enter password	මුරපදය ඇතුළු කරන්න	0.5008793538369676	0.842105
767	Enter password	රහස්පදය ඇතුළත් කරන්න	0.5008793538369676	0.490476
306	Book Shelf	පොත් රාක්කය	0.5005258865686445	0.564394
569	Disconnect	විසන්ධි කරන්න	0.5004231070670617	0.785714
1346	Brush Selection	බුරුසු තේරීම	0.4995274014493853	0.456731
938	Unread Messages	නොකියවූ පණිවිඩ	0.4993310768652883	0.485417
819	popup list	උපත්තන ලැයිස්තුව	0.49781777713986086	0.47861
164	drawing area	චිත්‍රණ පෙදෙස	0.4969412899857256	0.406593
878	%s mailing list	%s තැපැල් ලැයිස්තුව	0.496577955777084	1.0
149	Installing file	ගොනුව ස්ථාපනය කරමින්	0.4965443208557853	0.486607
809	Newsgroups	නව සමූහය	0.49603857551947855	0.833333
400	Discover Binding	බන්ධනය අනාවරණය කරන්න	0.4951356144592656	0.401961
1021	Rename the selection	තේරීමෙ නම වෙනස්කරන්න	0.4947200632082546	0.428571
1392	Scripts	ස්ක්‍රිප්ට්	0.49463872821503274	1.0
240	Copying disc	තැටිය පිටපත් කරමින්	0.4945976025876569	0.85
38	the six of spades	ඉස්කෝප්ප හය	0.49392268575397513	0.319444
122	Install package file	පැකේජ ගොනුවක් ස්ථාපනය කරන්න	0.49358130153668284	0.559524
1374	Color Profile	වර්‍ණ පැතිකඩ	0.4934207010102886	0.445055
881	SSL encryption	SSL සංකේතනය	0.49247275516444095	1.0
880	TLS encryption	TLS සංකේතාන්කනය	0.49231906131560116	1.0
426	_Spelling Suggestions	අක්ෂර වින්‍යාස යෝජනා (_S)	0.49208387351982585	0.769231
1024	Open archive	සංරක්‍ෂණය විවෘත කරන්න	0.49189912205900416	0.863636
894	Authentication	තහවුරු කර ගැනීම	0.4918462712536213	0.6875
1259	File Saving	ගොනුව සුරැකෙමින්	0.49123705842549537	0.384804
684	evolution minicard	ඉවෝලුශන් කුඩා කාඩ්පත	0.49120881137183636	0.477444
1326	Bookmarks	පිටු සළකුණු	0.4911712172397216	0.708333
633	Bookmarks	පොත්සලකුණු	0.4911712172397216	1.0
263	Choose folders	බහාලුම් තෝරන්න	0.4910762924621034	0.533333
609	Comic Books	විහිළු පොත්	0.49049248148784447	1.0
161	color chooser	වර්ණ තෝරණය	0.49047581532780876	0.558442
1362	Checkerboard	දාම්ලෑල්ල	0.4903603092432875	1.0
603	Error on deleting image %s	%s පිළිඹිබුව මැකීමෙදි දෝෂයකි	0.4899134122698604	0.66092
165	file chooser	ගොනු තෝරන්නා	0.4896150873134576	1.0
1061	Truncate	ලොප් කිරීම	0.489505216905658	0.727273
367	Encryption error	සංකේතාංකන දෝෂය	0.4889246265967516	0.656863
36	the ace of spades	ඉස්කෝප්ප ආසියා	0.488691103512765	0.494444
611	Embedded subset	කාවැද්දු උප කුළකය	0.4886158108817832	0.53125
157	Selected Link	තෝරාගත් සබැඳිය	0.4885779550573515	1.0
837	Forwarded messages	ඉදිරියට යැවූ පණිවිඩ	0.48843045302470867	0.8
549	Contact goes offline	සබඳතාව නොබැඳි වෙයි	0.48793229858293724	0.677945
1268	Close print preview	මුද්‍රණ පූර්‍වදැක්ම වසන්න	0.4877589664266089	0.430769
1333	Completed spell checking	අක්‍ෂර වින්‍යාසය පරීක්‍ෂාව සම්පූර්‍ණයිFrench (France)language	0.4876434562490648	0.345161
1042	Enable networking	ජාලකරණය සක්‍රීය කරන්න	0.4875988881816509	0.487374
606	Edit the application toolbar	යෙදුම් මෙවලම් පුවරුව සකසන්න	0.48755210242067626	0.405172
1382	Saving Images	පිංතූර සුරකිමින්	0.48750174353605347	0.544118
233	^Rescue a broken system	බිඳුණු පද්ධතිය බේරාගන්න (_R)	0.487207523305955	0.536638
587	Transparency color	විනිවිදයන වර්‍ණ	0.48685214264539517	0.529605
879	No encryption	සංකේතනය නැත	0.4866049584742097	0.72619
608	File corrupted	ගොනුව දුෂ්ප්‍රතිපන්න වී ඇත	0.4864437625622204	0.888889
1385	Default Image Grid	පෙරනිමි පිංතූරය දැල	0.4864210202671769	1.0
159	canvas	කැන්වසය	0.4863987723218866	1.0
40	the nine of spades	ඉස්කෝප්ප නවය	0.4860717179053843	0.530364
857	Date sent	යවන ලඳ දිනය	0.4860355537038334	0.833333
194	Apple Devices Support	ඇපල් උපාංග සහාය	0.48597624286668156	0.676136
599	Image Settings	පිළිඹිබු සැකසුම්	0.4856805217283137	0.564706
57	the ace of diamonds	රුවිත ආසියා	0.48564023437652637	0.35
589	Close _without Saving	සුරකීමකින් _තොරව වසන්න	0.4853523166181362	0.33498
1043	Resume normal boot	සාමාන්‍ය ඇරඹුම පුනරාරම්භය	0.4852259106912753	0.357287
250	Grant access	ප්‍රවේශයට ඉඩදෙන්න	0.4841425488776233	0.547009
1361	Adding checkerboard	දාම්ලෑල්ල එක් කරමින්	0.48395535947810936	0.563095
842	Forwarded message	ඉදිරියට යැවූ පණිවිඩය	0.4836510498188596	0.809524
1235	Print Syntax Highlighting	වාග් රීති උද්දීපන මුද්‍රණයකරන්න	0.4834750548580685	0.375
1026	Show archive properties	සංරක්‍ෂණ වත්කම් පෙන්වන්න	0.48346893133886043	0.306667
833	Click to open %s	%s විවෘත කිරීමට ක්ලික් කරන්න	0.48304724209383665	0.896552
244	_Previous	පෙර (_P)	0.48271792002544556	0.777778
201	Audiobooks Library	ශ්‍රව්‍යපොත් පුස්තකාලය	0.4824133458359431	0.572082
151	Removing packages	පැකේජ ඉවත් කරමින්	0.4820987037216474	0.416667
180	footer	පාදකය	0.4813576788243136	1.0
1284	Search for text	පෙළ සඳහා සොයන්න	0.48127826473786256	0.34375
1359	Removing animation background	සජීවිකරණ පසුබිම ඉවත් කරමින්	0.4811617394800009	0.6
1074	Exiting	පිටවන්න	0.48115892231848106	1.0
1257	_Display line numbers	පෙළ අංක අක්‍රීය කරන්න (_D)	0.4810715553554598	0.55303
158	animation	සජීවනය	0.48102581984921755	1.0
65	the nine of diamonds	රුවිත නවය	0.48084233320172937	0.514286
1066	Ounces	අවුන්සunit-format	0.4807121445330257	1.0
184	caption	යටි ලියමන	0.48048878770231007	0.7
850	Move to Folder	බහලුමට ගෙන යන්න	0.48026195469076544	0.452083
807	Save directory	බහලුම සුරකින්න	0.4802258878956963	0.366667
162	column header	තීරු සිරස	0.48011539324329305	0.5
1368	Brushes	පින්සල්	0.47988806294013503	1.0
259	Connect to Server	සර්වරයට සම්බන්ධ වන්න	0.4797179191366627	0.384921
410	Retry	නැවත උත්සහ කරන්න	0.4797174598014406	0.647059
468	Outgoing calls	යන ඇමතුම්	0.4792917059662516	1.0
564	_Reduce location accuracy	පිහිටීම් නිරවද්‍යතාව අඩු කරන්න (_R)	0.4789389527225614	0.563034
131	Upgrade packages	පැකේජයන් උසස් කරන්න	0.4788605195279626	0.460294
674	Other Fax	වෙනත් ෆැක්ස්	0.47883220076646243	0.530769
1329	Manage snippets	උධෘත පාඨ කළමනාකරණය	0.4787231327350303	0.544408
30	the ace of clubs	කලාබර ආසියා	0.47872184683303637	0.794118
1391	Temporary folder:	තාවකාලික බහාලුම	0.4781939311749775	0.559028
1232	Enable Syntax Highlighting	වාග් රීති උද්දීපනය සක්‍රීය කරන්න	0.4778138551919672	0.377104
663	Nickname	අනුවත්ත නම	0.4776964210432145	0.863636
1300	Selection	තේරිම්	0.4776911435806018	1.0
896	Downloading	භාගත වෙමින්	0.47754759904268984	0.708333
170	option pane	විකල්ප කවුළුව	0.47748387555920857	1.0
895	Using email address	විද්‍යුත් ලිපිනය භාවිතයෙන්	0.4771556030527205	0.664815
1063	No undo history	පෙරසේ ඉතිහාසයක් නොමැත	0.47711463228870016	0.769886
1029	Open the selected folder	තෝරාගත් බහලුම විවෘත කරන්න	0.47701340400545894	0.549231
813	Select a Time Zone	වේලා කළාපයක් තෝරන්න	0.4769875857824505	0.640789
994	Getting the file list	ගොනු ලැයිස්තුව ලබා ගනිමින්	0.4767869361096697	0.505051
335	Chat window theme	සල්ලාප කවුළු තේමාව	0.4765949283322807	0.350877
974	Extract the selected archive	තෝරාගත් සංරක්‍ෂණය විසුරුවන්න	0.4764625732873557	0.62069
948	Save Search	"සෙවීම සුරකින්නShow:Unread MessagesImportant Messages"", or ""Active Appointments"	0.4762710994042893	0.418249
1384	Default Image	පෙරනිමි පිංතූරය	0.47616000159061345	1.0
96	Firefox Launchpad plugin	ෆයර්ෆොක්ස් ලන්ච්පෑඩ් ප්ලගීනය	0.47573615872942027	0.372414
1314	Display in bottom pane	පහළ පුවරුවේ දර්ශනය කරන්න	0.4757277700511768	0.794783
799	Save Draft	කෙටුම් පත සුරකින්න	0.4756666214894157	0.456938
1278	Configure the application	යෙදුම මානකරණය කරන්න	0.4754992178048358	0.392308
1037	Out of Range	සීමාවෙන් පිටත	0.47530629557260284	0.409341
294	Font for fixed width text	අචල දිගක් ඇති වචන කාණ්ඩයට අකුරු රටා	0.47528642123946135	0.576923
120	Change software repository	මෘදුකාංග ගබඩාව වෙනස් කරන්න	0.47516358237399137	0.648148
300	Keyword	මුල පදය	0.4751591279633738	0.75
1227	Highlight Current Line	දැනට ඇති රේඛාව උද්දීපනය කරන්න	0.4750988167392167	0.465942
801	Untitled Message	නිර්ණාමික පණිවිඩය	0.4749299580543082	1.0
866	Sender	යවන්නා	0.4748928352806701	1.0
62	the six of diamonds	රුවිත හය	0.47465580441217564	0.558333
142	Installed file	ස්ථාපිත ගොනුව	0.4746057680023245	0.619048
1060	Basic	සාමාන්‍ය	0.4743384917896875	1.0
1045	Show Trailing Zeroes	පසුපස බින්දු පෙන්වන්න	0.4738275660988002	0.373377
585	Transparent Parts	විනිවිද කොටස්	0.4734705998129258	0.452381
140	Reinstall the given packages	දී ඇති පැකේජයන් යලි ස්ථාපනය කරන්න	0.473468510340766	0.577586
63	the seven of diamonds	රුවිත හත	0.47329709829711947	0.469697
341	Enable spell checker	අක්ෂර වින්‍යාස පරීක්ෂකය සක්‍රීය කරන්න	0.47300748748488947	0.308897
1394	_Previous Tip	පෙර ඉඟි (_P)	0.4729980269343045	0.549451
588	Active plugins	ක්‍රියාකාරී ප්ලගීන	0.47282454542527896	0.582456
1136	Icon has zero width	සංකේතය සතුව ශුන්‍ය පළලක් ඇත	0.47266284120035956	0.525
183	chart	ප්‍රස්තාරය	0.4720438848621344	1.0
1101	Image header corrupt	පිළිඹිබු ශිර්ෂකය විනාශ විය	0.4719664638113225	0.333333
975	All archives	සියළුම සංරක්‍ෂණ	0.4717687149458859	1.0
552	Show groups	කණ්ඩායම් පෙන්වන්න	0.47147551464591075	0.458333
1022	Deselect all files	තෝරාගත් ගොනු සියල්ල අත්හරින්න	0.47116869497239505	0.463158
805	Default reminder units	පෙරනිමි සිහිගැන්වීම් ඒකක	0.470935705881326	0.666087
163	directory pane	නාමාවලි පුවරුව	0.47076656369862807	0.6
1234	Toolbar is Visible	මෙවලම්තීරුව දෘශ්‍ය වේ	0.4707369097749648	0.630383
1124	Stack overflow	ස්ටැකය පිරී ඇත	0.47073488168748834	0.433333
43	the king of spades	ඉස්කෝප්ප කිංග්	0.4706448958826935	0.331579
548	New conversation	නව සංවාදය	0.4706202597172134	0.532353
594	All files	සියළුම ගොනු	0.4705928743461171	1.0
955	All files	සියළු ගොනු	0.4705928743461171	0.527273
241	All files	සියලු ගොනුdisc	0.4705928743461171	1.0
144	Removed packages	අස්ථාපනය කෙරූ පැකේජයන්	0.4704492096502723	0.891304
1289	_Clear Highlight	උද්දීපන ඉවත්කරන්න (_C)	0.4703948344497039	0.314578
1226	Display Line Numbers	පෙළ අංක දර්ශනය කරන්න	0.4703683384690162	0.619048
1347	Save as Animation	සජීවීකරණයක් ලෙස සුරකින්න	0.47031730430491153	0.517778
764	Recurring	පුනරාවර්තනය වීම	0.47023266369479577	0.875
595	Save Image	පිළිඹිබුව සුරකින්න	0.4702265961188956	0.535885
1277	Error saving file %s	%s ගොනුව සුරකීම දෝෂ සහිතයි	0.4701629028401107	0.357143
173	radio button	විකල්ප බොත්තම	0.47011568442583934	0.519231
882	Co_mpleted	සම්පූර්ණ කළා (_m)	0.47010578819482624	0.638889
229	Install a command-line system	විධාන-රේඛා පද්ධතියක් ස්ථාපනය කරන්න	0.46980204823052507	0.633333
1090	Unrecognized image file format	හදුනා නොගත් පිළිඹිබු සංයුතියක්	0.46964431288405634	0.370968
656	Error adding list	ලැයිස්තුව එක් කිරීමේ දෝෂයකි	0.4695239576467117	0.875
1389	_CMYK profile:	_CMYK පැතිකඩ:	0.4695065565332664	0.414286
528	Password required	මුරපදය අවශ්‍යයි	0.46944811153032406	1.0
459	Removing group	සමූහය ඉවත් කරමින්	0.46944513640903435	0.466667
946	Save Selected	තේරිම සුරකින්න	0.4693783860978736	0.521429
232	^Check disc for defects	අඩුපාඩු සඳහා තැටිය පරික්ෂා කරන්න (_C)	0.46903634414567114	0.632675
106	Show Details	විස්තර පෙන්වන්න	0.46884512317197685	0.473558
237	Disc Burner and Copier	තැටි පුළුස්සනය සහ පිටපත් කරණය	0.46882615445743986	0.372464
316	Show offline contacts	නොබැඳි පරිශීලකයින් පෙන්වන්න	0.46856609166990193	0.581169
847	Receiving Email	විද්‍යුත් තැපැල් ලැබීම	0.4685437188447801	0.464674
1188	Cannot allocate colormap structure	වර්‍ණසිතියම් ආකෘතිය යෙදවිය නොහැක	0.46839857479831865	0.574459
1225	Insert spaces	ඉඩකඩ ඇතුළු කරන්න	0.46831752278326405	0.823529
908	Show as list	ලැයිස්තුවක් ලෙස පෙන්වන්න	0.46789844393815433	0.372308
258	Show version	අනුවාදය පෙන්වන්න	0.46789375388826937	0.457014
37	the three of spades	ඉස්කෝප්ප තුන	0.4678264335650572	0.521154
44	the ace of hearts	හාර්ත ආසියා	0.467546219072799	0.361111
178	tree table	රුක් වගුව	0.46747991471459427	0.477273
769	Select Timezone	වේලාකළාපය තෝරන්න	0.4674555825946242	0.575368
187	Invalid record	වැරදි රෙකෝඩය	0.4674159543260996	0.535897
479	Connected to server	සේවාදායකයට සම්බන්ධ විය	0.4673540867619931	0.423913
1276	Error opening file %s	%s ගොනුව විවෘත කීරිම දෝෂ සහිතයි	0.46722199312425905	0.521307
1036	Marks	සලකුණු	0.46717756219176265	1.0
827	Unnamed	නිර්ණාමික	0.4670365090150178	1.0
831	Show Fields	ක්‍ෂේත්‍ර පෙන්වන්න	0.4669892808718231	1.0
1028	Select all files	ගොනු සියල්ල තෝරන්න	0.46677967425281225	0.337461
278	Width of the index and search pane	සුචියේ හා සෙවුම් කොටුවේ පළල	0.4667709887098356	0.742857
41	the jack of spades	ඉස්කෝප්ප ජැක්	0.46676261182634615	0.362782
172	push button	එබුම් බොත්තම	0.46673189802828097	1.0
871	All local folders	සියළු ප්‍රාදේෂිය බහලුම්	0.4667101993368078	0.6875
1017	_Selected files	තෝරාගත් ගොනු (_S)	0.46670660419184423	0.777778
1237	Encodings shown in menu	පෙන්වනලද මෙනුව කේතීකරණය කරන්න	0.46670503281216763	0.358333
1105	Invalid header in animation	සජීවීකරණය තුළ සාවද්‍ය ශිර්ෂකයක්	0.46655762631270253	0.415179
60	the four of diamonds	රුවිත හතර	0.466531986916952	0.833333
418	invalid contact	අවලංගු සබඳතාවකි	0.4664131014931611	0.53125
58	the two of diamonds	රුවිත දෙක	0.466161799629103	0.825
61	the five of diamonds	රුවිත පහ	0.46614585522674185	0.547619
655	_Full name	සම්පූර්ණ නම (_F)	0.4659638971687216	0.735294
448	Search contacts	සබැඳි සොයන්න	0.4659590309163361	0.550481
261	Overview	දළ විශ්ලේෂණය	0.4657726315661561	0.884615
236	^Try Mythbuntu without installing	ස්ථාපනයෙන් තොරව මිත්බුන්ටු අත්හදා බලන්න (_T)	0.46574102370374876	0.571569
116	Remove downloaded package files	බාගත කරන ලද පැකේජ ගොනු ඉවත් කරන්න	0.46570246414320066	0.412684
152	but %s is installed	නමුත් %s ස්ථාපනය කොට ඇත	0.46568379068323473	0.779167
13	Select Game	තරගයක් තෝරන්න	0.46563317581947267	1.0
612	Embedded	කාවැද්දු	0.46556558064551484	1.0
1258	_Enable automatic indentation	ස්වයංක්‍රීය ඉඩ තැබීම (_E)	0.4655242110515954	0.626923
99	Penguin Freecell	පෙන්ගුයින් නිදහස් සෛලය	0.4655180074040044	0.503836
434	Disconnected	විසන්ධිවිය	0.46537154165758765	1.0
724	Recurrence date is invalid	පුනවාර්තන දිනය සාවද්‍ය වේ	0.46511694564562667	0.509259
135	Set a proxy for software downloads	මෘදුකාංග අවපතන සඳහා පෙරකලාසිය සකසන්න	0.46508750517403596	0.612355
66	the ten of diamonds	රුවිත දහය	0.46501821939845456	0.525
150	Installing packages	පැකේජයන් ස්ථාපනය කරමින්	0.46501701490391306	0.4125
513	Disable camera	කැමරාව අක්‍රීය කරන්න	0.464985519807482	0.4
650	Error adding contact	සම්බන්ධතාවය එක් කිරීමේ දෝෂයකි	0.4649612475106645	0.883333
465	Search	සොයන්න	0.46495260189531185	1.0
1076	Email Address	විද්‍යුත් තැපැල් ලිපිනය	0.4648629253215885	0.422619
324	Show contact groups	සබැඳි සමූහයන් පෙන්වන්න	0.46469194427644234	0.320652
457	Send File	ගොනුව යවන්න	0.46466036956325624	0.5
265	Listing files…	ගොනු ලැයිස්තුගත කරමින්…	0.46454689544072647	0.457014
759	Start date	ආරම්භක දිනය	0.46423875489332134	1.0
317	Show Balance in contact list	සබැඳි ලයිස්තුවේ ශේෂය පෙන්වන්න	0.46422184446029824	0.454598
39	the eight of spades	ඉස්කෝප්ප අට	0.463958494770254	0.3
1356	Server logfile:	සර්වරයේ ලඝු ගොනුව:	0.4638978868818846	0.465461
745	calendar view event	දිනදර්ශන සිදුවීම් දසුන	0.46382422357776304	0.320652
1373	Image Properties	පිංතූර වත්කම්	0.46378523087893775	0.573529
578	Image Properties	ප්‍රතිබිම්භයේ වත්කම්	0.46378523087893775	0.490196
942	Select Address book for Automatic Contacts	ස්වයංක්‍රීය සම්බන්ධතා සඳහා ලිපින පොත තෝරන්න	0.4636430393375499	0.735465
455	Removing contact	සබඳතාව ඉවත්කරමින්	0.46348814946600636	0.570261
937	Read Messages	කියවූ පණිවිඩ	0.4634274177690262	0.409341
986	Deleting files from archive	සංරක්‍ෂණයෙන් ගොනු මකන්න	0.46336244422414785	0.910714
1109	BMP image has bogus header data	BMP පිළිඹිබු සතුව ව්‍යාජ ශිර්ෂක දත්ත ඇත	0.4633566551709891	0.459375
89	Codecs to play	වැයීමට ඇති කොඩෙක්	0.46333679936836886	0.427778
806	Default appointment reminder	පෙරනිමි හමුවීම් සිහිගැන්වීම	0.4633146257690009	0.650246
139	Install the given packages	දී ඇති පැකේජයන් ස්ථාපනය කරන්න	0.46319815768555167	0.316667
1379	Select Source	මූලය තෝරන්න	0.46297335052311167	0.458333
810	_Set expiration date	කල්ඉකුත්වන දිනය සකසන්න (_S)ESendOptions	0.4626509366778174	0.513095
534	Error sending a file	ගොනුවක් යැවීම දෝෂය	0.4626005025998888	0.952381
171	progress bar	ප්‍රගති තීරුව	0.4625909786580799	0.368132
375	Remember password	මුරපදය මතක තබාගන්න	0.462383059568927	0.434211
198	Mass Storage Media Player Support	ස්කන්ධ සංචිත මාධ්‍ය වාදක සහය	0.46237557999208806	0.589757
221	^Try Lubuntu without installing	ස්ථාපනයෙන් තොරව ලුබුන්ටු අත්හදා බලන්න (_T)	0.4621237621286908	0.549055
362	Missed call from %s	%s ගෙන් මඟහැරුණු ඇමතුමක්	0.46191123525514793	0.775
1027	Reload current archive	දැනට භාවිතයේ ඇති සංරක්‍ෂණය ප්‍රථිපූරණය කරන්න	0.461743300308997	0.733333
830	No grouping	සමූහගතව නොවේ	0.46155804276295825	0.682692
593	XMP Other	XMP වෙනත්	0.4614098678650774	1.0
1386	Image Windows	පිංතූර කවුළුව	0.46140113224052903	0.464286
456	_Previous Conversations	පෙර සංවාද (_P)	0.46137366470519736	0.375
78	Kubuntu restricted extras	කුබුන්ටු සීමිත අතිරේක	0.46109507939856875	1.0
35	the unknown card	නොදන්නා කාඩ්පතක්	0.4610627535330891	0.5
222	Use driver update disc	ධාවක යාවත්කාලීන තැටිය භාවිතා කරන්න	0.46087857881009325	0.367081
575	Remove the selected toolbar	තෝරාගත් මෙවලම් පුවරුව ඉවත් කරන්න	0.4607942170638042	0.731602
848	Sending Email	විද්‍යුත් තැපැල් යැවීම	0.4607510838620311	0.416149
736	New Appointment	නව සම්මුතියක්	0.4606443374965324	1.0
1190	Unexpected bitdepth for colormap entries	වර්‍ණසිතියම් ඇතුලත් කිරීම් සඳහා බලාපොරොත්තු නොවු bitdepth අඟයක්	0.46046990832015444	0.50362
796	Save as draft	කෙටුම් පතක් ලෙස සුරකින්න	0.4603380857672388	0.712857
930	Create a new folder for storing mail	තැපැල් එක්රැස් කිරීම සඳහා නව බහලුමක් නිර්මාණය කරන්න	0.46032245211551054	0.551195
1107	Malformed chunk in animation	සජීවීකරණය තුළ විකෘත විශාල ප්‍රමාණයක් ඇත	0.4602988491151935	0.577586
1303	Running tool:	ක්‍රියාත්මක වන මෙවම:	0.4602722995867886	0.928571
1311	Current selection	දැනට ඇති තේරිම	0.4601037002812128	0.388889
851	Apply filter rules to the selected messages	තෝරාගත් පණිවිඩ සඳහා පෙරහන රීති යොදන්න	0.46008220866112004	0.854665
69	the king of diamonds	රුවිත කිංග්	0.45990407042663667	0.833333
1390	_Monitor profile:	මොනිටරයේ පැතිකඩ (_M):	0.45987844415467355	0.386364
442	Blocked Contacts	වාරණිත සබැඳුම්	0.4596515136833525	1.0
31	the ten of clubs	කලාබර දහය	0.45956884628329664	0.476471
709	Cut the selection	තෝරාගත් කොටස කපන්න	0.4595624502529743	0.75731
712	Send Options	යැවීමේ විකල්ප	0.45952491526184164	1.0
1103	Image pixel data corrupt	පිළිඹිබු පික්සල දත්ත විනාශ විය	0.4595139952688258	0.305161
1217	XPM file has image width <= 0	XPM ගොනුවේ පිළිඹිබු පළල <= 0	0.45950368718971607	0.764368
1332	_Spelling Suggestions...	අක්‍ෂර වින්‍යාස යෝජනා... (_S)	0.45936302989934474	0.733333
828	click to add	එක් කිරිමට ක්ලික් කරන්න	0.4592665660598759	0.676282
591	Image Taking Conditions	පිළිඹිබු ගැනිමේ සීමා	0.4592059182272278	0.708333
230	Install a minimal system	අවම පද්ධතියක් ස්ථාපනය කරන්න	0.458895281937842	0.43
1328	Type a new shortcut	නව කෙටි මඟක් ඇතුලත් කරන්න	0.45884808985908143	0.503846
298	DevHelp Website	DevHelp වෙබ් අඩවියDevhelp	0.45870963306844403	0.403846
550	Account connected	සම්බන්ධිත ගිණුම	0.4585855624749084	0.534722
652	Error removing contact	සම්බන්ධතාවය ඉවත් කිරීමේ දෝෂයකි	0.45851720483688496	0.308555
1014	E_xclude files:	ගොනු ඇතුලත් නොකරන්න (_I)	0.4584312274657691	0.38125
64	the eight of diamonds	රුවිත අට	0.4583228702346484	0.537879
54	the jack of hearts	හාර්ත ජැක්	0.4582649463513208	0.411483
924	Create a new mail folder	නව තැපැල් බහලුමක් නිර්මාණය කරන්න	0.458208185781822	0.482424
1265	Show multiple pages	පිටු කිහිපයක් පෙන්වන්න	0.4581805471762567	0.741304
936	Messages Not Junk	නොනිසරු පණිවිඩ	0.45799439809736775	0.405556
101	Penguin Pegged	පෙන්ගුයින් කූඤ්ඤ ගැහීම	0.4578994099258609	0.472464
1053	Indian Rupee	ඉන්දියානු රුපියල්	0.45775091211619295	1.0
1364	Show version information and exit	අනුවාදයේ තොරතුරු පෙන්වා ඉවත් වන්න	0.457695818366283	0.441176
93	Pre-school educational application bundle	පෙර-පාසල් අධ්‍යාපනික වැඩසටහන් පොදිය	0.45761092547234017	0.732143
647	_Wants to receive HTML mail	HTML ලැබීමට අවශ්‍යයි (_W)	0.4574865316505809	0.406593
1203	Failed to open TIFF image	TIFF පිළිඹිබුව විවෘත කිරීම අසමත් විය	0.45741688274113573	0.340956
804	Default reminder value	පෙරනිමි සිහිගැන්වීම් අගය	0.45739707012843334	1.0
1393	Paint tool:	පින්තාරු මෙවලම:	0.4573095815418786	0.46875
651	Error modifying contact	සම්බන්ධතාවය වෙනස් කිරීමේ දෝෂයකි	0.45699834667455314	0.302083
1293	Close all open files	විවෘතව ඇති ගොනු සියල්ල වසන්න	0.45697492620080327	0.684729
153	but %s is to be installed	නමුත් %s ස්ථාපනය කිරීමට ඇත	0.4569175972660553	0.641738
270	Width of the main window	ප්‍රධාන වින්ඩෝවේ පළල	0.45684353265383726	0.334286
361	Password not found	මුරපදය හමුනොවුණි	0.4567826229689885	0.442724
224	Install a workstation	වැඩපොළක් ස්ථාපනය කරන්න	0.4567147417204489	0.468379
82	This is a collection of free ClipArt	මෙය නිදහස් ඇමුණුම් චිත්‍රක එකතුවකි	0.456660428570746	0.514672
681	Work Email	රක්ෂාවේ විද්‍යුත් තැපෑල	0.45664728960509976	0.397727
1040	Repair broken packages	බිඳුණු පැකේජ පිළිසකර කරන්න	0.45646283290054496	0.588567
1388	_RGB profile:	_RGB පැතිකඩ:	0.45637412759900436	1.0
466	Chat with %s	%s සමඟ කතා කරන්නA date with the time	0.456374124864993	0.662162
97	Ubufox extension for Firefox	ෆයර්ෆොක්ස් සඳහා වූ උබුෆොක්ස් විස්තිර්ණය	0.45635902864534744	0.377155
657	Error removing list	ලැයිස්තුව ඉවත් කිරීමේ දෝෂයකි	0.45626444469748306	0.643103
1271	Search _backwards	පසුපසට සොයන්න	0.4561805187462055	0.555556
671	ISDN Phone	ISDN දුරකථනය	0.4560581324395533	0.41958
1019	Information about the program	ක්‍රමලේඛය පිළිබද තොරතුරු	0.45599590771657034	0.66
67	the jack of diamonds	රුවිත ජැක්	0.4559224609109721	0.487013
74	Easy to use distributed version control system	භාවිතයට පහසු බෙදාහැරි අනුවාද පාලක පද්ධතිය	0.4558968068985202	0.549139
863	Message is Junk	නිසරු පණිවිඩයකි	0.4558017127034661	0.34375
114	List keys of trusted vendors	විශ්වාසවන්ත විකිණුම්කරුවන්ගේ යතුරු ලැයිස්තුගත කරන්න	0.4557717856771189	0.301393
59	the three of diamonds	රුවිත තුන	0.4557493093805934	0.840909
845	Defaults	පෙරනිමි	0.45572802719682753	1.0
1380	I_mage	පිංතූරය (_m)	0.45551421815191045	0.692308
199	MTP Media Player Support	MTP මාධ්‍ය වාදක සහය	0.4555098615781283	0.475
500	Incoming video call from %s	%s ගෙන් ලැබෙන වීඩියෝ ඇමතුම	0.45520669788932255	0.345899
88	Xubuntu restricted extras	එක්ස්උබුන්ටු සීමිත අතිරේක	0.4551727143562637	0.711538
177	tool bar	මෙවලම් තීරුව	0.4550548053649021	0.452991
94	Tertiary educational application bundle	තෘතීයික අධ්‍යාපනික වැඩසටහන් පොදිය	0.45503845571064644	0.717647
1023	Create a new archive	නව සංරක්‍ෂණයක් නිර්මාණය කරන්න	0.45503114113778687	0.707143
95	GPG support for Thunderbird	තන්ඩර්බර්ඩ් සඳහා GPG සහය	0.45466639205896014	0.545714
921	Tasks with Attachments	ඇමුණුම් සහිත පණිවිඩ	0.45437114897886227	0.46087
34	the king of clubs	කලාබර කිංග්	0.4542915015687929	0.388889
372	Google Talk	ගූගල් Talk	0.45419017563391484	1.0
1372	Open Location	පිහිටුම විවෘත කරන්න	0.4541861035025683	0.85
802	Show preview pane	පූර්‍වදසුන් පුවරුව පෙන්වන්න	0.4541480616481178	0.736111
756	Untitled	නිර්ණාමික	0.4540282001503036	1.0
952	C_urrent View	දැනට ඇති දසුන (_u)	0.45374522166851594	0.453008
86	Ubuntu restricted extras	උබුන්ටු සීමිත අතිරේක	0.4536660195079143	0.669524
516	Video call	විදෘශ්‍ය ඇමතුම	0.453395038704589	0.427273
219	^Try Ubuntu Netbook without installing	ස්ථාපනයෙන් තොරව උබුන්ටු නෙට්බුක් අත්හදා බලන්න (_T)	0.4533326971092833	0.455505
366	Authentication failed	සහතික කිරීම අසමත්විය	0.45330992816962057	0.555195
481	Incoming voice call	ලැබෙන ශ්‍රව්‍ය ඇමතුම	0.4532713374077677	0.367857
1312	Current line	දැනට ඇති පේළිය	0.4532551863184132	0.474359
640	Unable to open address book	ලිපින පොත විවෘත කිරීමට නොහැක	0.4532069587155388	0.579433
14	Bristol	බ්‍රිස්ටල්	0.45318046335839746	1.0
1357	Saturation:	සන්තෘප්තිය:	0.45315777066993784	1.0
931	Refresh the folder	බහලුම නැවුම් කරන්න	0.45314838322617634	0.368421
539	"Checking integrity of ""%s"""	"""%s"" හි සම්පූර්ණත්වය පරීක්ෂා කරමින්"	0.45310410010083463	0.805556
73	ACE compression/uncompression tool	ACE සම්පීඩන/අසම්පීඩන මෙවලම	0.4530409460774728	0.81746
1204	Failed to load TIFF image	TIFF පිළිඹිබුව පූරණය අසමත් විය	0.4530333351178657	0.408189
301	Search for a keyword	මුල පදයක් සොයන්න	0.45299386428149474	0.372549
360	The selected file is empty	තෝරාගත් ගොනුව හිස්ය:	0.45299136020957315	0.592593
584	Choose a folder	බහාලුමක් තෝරන්න	0.4529190190317634	0.4375
216	^Try Edubuntu without installing	ස්ථාපනයෙන් තොරව එඩියුබුන්ටු අත්හදා බලන්න (_T)	0.4528420114242212	0.305665
669	Company Phone	සේවාස්ථානයේ දුරකථනය	0.45280670187035005	0.514286
220	^Try Kubuntu Netbook without installing	ස්ථාපනයෙන් තොරව කුබුන්ටු නෙට්බුක් අත්හදා බලන්න (_T)	0.45280491434922376	0.631731
482	Outgoing voice call	යැවෙන ශ්‍රව්‍ය ඇමතුම	0.4527980695573216	0.367857
537	File transfer completed	ගොනු හුවමාරුව සම්පූර්ණයි	0.45271757036149074	1.0
217	^Try Xubuntu without installing	ස්ථාපනයෙන් තොරව එක්ස්උබුන්ටු අත්හදා බලන්න (_T)	0.452533443790137	0.572806
225	Install a server	සර්වරයක් ස්ථාපනය කරන්න	0.4524971596331726	0.430946
145	Upgraded system	උසස් කෙරූ පද්ධතිය	0.4523854992313788	0.861111
1162	Fatal error reading PNG image file	PNG පිළිඹිබු ගොනුව තුළ තීරනාත්මක දෝෂයක් ඇත	0.4522902201201623	0.41196
1180	RAS image has bogus header data	RAS පිළිඹිබු සතුව ව්‍යාජ ශිර්ෂක දත්ත ඇත	0.4522761635379719	0.78125
683	Contact List:	සම්බන්ධතා ලැයිස්තුව	0.45201018740435017	0.464286
1020	Add files to the archive	සංරක්‍ෂණයට ගොනු එක්කරන්න	0.4517440829260837	0.48
1233	Enable Search Highlighting	සෙවීම් උද්දීපනය සක්‍රීය කරන්න	0.45162734845506614	0.374074
855	an unknown sender	නොදන්නා යවන්නේක්	0.451611656306554	0.486928
160	check box	සලකුණු කොටුව	0.45158974995812634	0.530769
662	Delete selected contacts	තෝරාගත් සබැඳි මකන්න	0.45157904547235483	0.71
888	Send & Receive Mail	එන සහ යන තැපැල්	0.45156985270832056	0.78125
577	Browse and rotate images	පිළිඹිබු ගවේශනය කිරීම සහ කරකැවීම	0.4515514743616951	0.647879
1192	TGA image has invalid dimensions	TAG පිළිඹිබු සතුව සාවද්‍ය මාන ඇත	0.4513992400751989	0.333333
1126	Bad code encountered	සාවද්‍ය කේතයක් හදුනා ගන්නා ලදි	0.4513308167009906	0.542243
690	location of appointment	හමුවීමේ ස්තානය	0.4513000261694065	0.454167
654	The contact data is invalid:	සම්බන්ධක දත්ත වලංගු නොවේ:	0.451265353192502	0.452918
407	Select Your Avatar Image	ඔබගේ මූර්ති පින්තූරය තෝරන්න	0.45123049801212867	1.0
477	Contact connected	සබඳතාව සම්බන්ධවිය	0.4511366052305238	1.0
1047	Brazilian Real	බ්‍රසීලයානු රියාල්	0.45109880943709346	0.649123
181	embedded component	කාවැද්දූ සංරචකය	0.45106626571674374	0.518092
112	Invalid problem report	අවලංගු ගැටලුවක් වාර්තාවිනි	0.45105360178156984	0.696457
248	Draw using tool	මෙවලමක් ආධාරයෙන් අඳින්න	0.4508556611249716	0.697917
572	Move the selected item on the toolbar	තෝරාගත් අයිතමය මෙවලම් පවරුව වෙත ගෙන යන්න	0.450763586309015	0.367137
824	Traditional	සම්ප්‍රදායිකChinese, Simplified	0.45050600304325594	0.828125
872	All active remote folders	සියළු සක්‍රීය දුරස්ථ බහලුම්	0.45050376686713894	0.480769
409	Click to enlarge	විශාලනය කිරීමට ක්ලික් කරන්න	0.45041860815921053	0.378151
923	Compose a new mail message	නව තැපැල් පණිවිඩයක් සකසන්නNew	0.45037069614012015	0.962963
32	the jack of clubs	කලාබර ජැක්	0.45035910901636184	0.439394
1381	C_olumns:	තීරු (_o):	0.45030852382701525	0.772727
182	entry	පිවිසුම	0.450149616245207	1.0
554	Behavior	හැසිරීම	0.45000260187917857	1.0
970	_Indicate new messages in the panel	_නව පණිවිඩ පුවරුවේ දක්වන්න	0.44994144062265135	0.467593
625	Delete the temporary file	තාවකාලික ගොනුව මකන්න	0.4498148085349619	0.612637
215	^Try Kubuntu without installing	ස්ථාපනයෙන් තොරව කුබුන්ටු අත්හදා බලන්න (_T)	0.44977976783086815	0.549055
501	Incoming call from %s	%s ගෙන් ලැබෙන ඇමතුම	0.449734815877352	0.497727
614	Not a launchable item	දියත් කල හැකි අයිතමයක් නොවේ	0.44957379630109956	0.590909
886	Enter password.	රහස්පදය ඇතුළත් කරන්න.	0.44940019450090474	0.471591
1070	Angle	කෝණය	0.44937101133348945	1.0
1055	Russian Rouble	රුසියානු රෝබල්	0.44933094695018594	0.433333
1340	Add w_ord	වචන එක් කරන්න (_o)	0.4492527309842461	0.431579
686	Job Title	රැකියා තනතුර	0.44901815520463584	0.469231
1262	Show the previous page	මීට පෙර පිටුව පෙන්වන්න	0.448999810787997	0.826087
770	Free/Busy information	නිදහස්/කාර්‍යය බහුල තොරතුරු	0.4489680655428524	0.910714
141	Remove the given packages	දී ඇති පැකේජයන් අස්ථාපනය කරන්න	0.44890315648440127	0.318238
186	Invalid host name	host නාමය වැරදියි	0.44886883451085063	0.361111
940	All Account Search	සියළුම ගිණුම් සෙවීම	0.44877786219162663	0.614474
793	Close the current file	දැනට භාවිතාවන ගොනුව වසන්න	0.4487683906703548	0.797659
29	Unknown color	නොදන්නා වර්‍ණය	0.44871859624448934	0.447619
758	Click to add a task	කාර්‍යයක් එක් කිරිමට ක්ලික් කරන්න	0.44855355317351303	0.683824
682	Home Email	නිවසේ විද්‍යුත් තැපෑල	0.44851864065351404	0.772727
904	New _Appointment...	නව සම්මුතීන්... (_A)	0.4484509826665784	0.880952
1052	Hungarian Forint	හන්ගේරියන් ෆොරින්ට්	0.4484229204757872	1.0
469	Missed calls	මඟහැරුණු ඇමතුම්	0.4481112263851582	1.0
332	Enable popup notifications for new messages	නව පණිවිඩ සඳහා උත්පතන දැන්වීම් සක්‍රිය කරන්න	0.44809837136231095	0.596717
368	Certificate self-signed	තමන්ම අත්සන්කල සහතිකය	0.4480837685334495	0.863636
286	Height of assistant window	සහකාරක වින්ඩෝවේ උස	0.4479511508582232	0.369396
214	^Try Ubuntu without installing	ස්ථාපනයෙන් තොරව උබුන්ටු අත්හදා බලන්න (_T)	0.44785945452696435	0.845238
1161	Insufficient memory to load PNG file	PNG ගොනුව පූරණයට මතකය ප්‍රමාණවත් නැත	0.44785714163598156	0.581081
836	Save Current View	දැනට ඇති දසුන සුරකින්න	0.4477982264816846	0.330918
56	the king of hearts	හාර්ත කිංග්	0.44776901721059	0.434211
818	_Available Categories:	භාවිතයට ඇති ප්‍රභේද (_A):	0.4476027857400317	0.354515
1201	Insufficient memory to open TIFF file	TIFF ගොනුව විවෘත කිරීමට මතකය ප්‍රමාණවත් නැත	0.4474677063514064	0.835526
542	Chat Room	සල්ලාප මණ්ඩපය	0.44745922096084284	0.5
1095	Failed to open temporary file	තාවකාලික ගොනුව විවෘත කිරීම අසමත්විය	0.44745050415993587	0.416667
480	Disconnected from server	සේවාදායකයෙන් විසන්ධි විය	0.44738184486399907	0.52
342	Nick completed character	අන්වර්ථ නාම සම්පූර්ණ කල අනුලකුණ	0.44722083242921873	0.5875
9	Send error reports to Canonical	කැනෝනිකල් වෙත දෝෂ වාර්තා යවන්න	0.4471686169084092	0.841734
947	Searches	සෙවීම්	0.4470115835873013	1.0
1206	Failed to write TIFF data	TIFF වෙත දත්ත ලිවීම අසමත් විය	0.44688439079545683	0.59359
576	Image Viewer	ප්‍රතිබිම්භ දර්ශකය	0.44683666091321705	0.453441
218	^Try Ubuntu MID without installing	ස්ථාපනයෙන් තොරව උබුන්ටු MID අත්හදා බලන්න (_T)	0.4464649558307147	0.395031
288	X position of assistant window	සහකාරක වින්ඩෝවේ X කන්දාංක	0.4463329946379762	0.366625
354	The other participant canceled the file transfer	අනිත් සහභාගිකයින් ගොනු හුවමාරුව අවලංගු කරන ලදි	0.446283464521191	0.520625
1231	Restore Previous Cursor Position	කර්සරයේ පෙර ස්ථානය යලි පිහිටුවන්න	0.4462476312016298	0.463012
1182	unsupported RAS image variation	සහාය නොදක්වන RAS පිළිඹිබු විචලනය	0.4461382477243134	0.431818
511	Can't establish audio stream	ශ්‍රව්‍ය දහරක් ගොඩනැගීමට නොහැක	0.4457255515865502	0.666296
1102	Image format unknown	පිළිඹිබු සංයුතිය නොදනි	0.44566715661654827	0.65942
453	Select	තෝරන්න	0.4455754186888792	1.0
1369	Select	තෝරාගන්න	0.4455754186888792	1.0
713	Appointment	සම්මුතිය	0.4455630137066814	1.0
26	Undo the last move	අවසාන ගෙනයාම අහෝසි කරන්න	0.44544671850015166	0.523158
234	^Boot from first hard disk	පළමු දෘඩ තැටියෙන් අරඹන්න (_B)	0.44508818907927034	0.388889
252	Output version information and exit	ප්‍රතිදාන අනුවාදයේ තොරතුරු සහ පිටවීම	0.4450306820927004	0.835961
1280	Undo the last action	අවසාන ක්‍රියාව අහොසි කරන්න	0.44473385828972206	0.563492
1012	Add files to an archive	සංරක්‍ෂණය සඳහා ගොනු ඇතුලත් කරන්නDate Modified	0.44469369749654514	0.45471
953	Current view is a customized view	දැනට ඇති දසුන රිසිකළ දසුනකි	0.4445758669427962	0.692227
52	the nine of hearts	හාර්ත නවය	0.4444364644960102	0.384211
991	C_reate	නිර්මාණය කරන්න (_r)	0.4443451070222732	0.625
311	Connection managers should be used	සම්බන්ධතා කළමනාකරුවන් භාවිතා කල යුතුයි	0.44426434665907694	0.918681
1178	Insufficient memory to load PNM file	PNM පිළිඹිබුව පූරණයට මතකය ප්‍රමාණවත් නැත	0.4438939485219287	0.568227
1266	Zoom the page in	පිටුව විශාල කරන්න	0.44385007284954725	0.911765
104	Translator	පරිවර්ථකය	0.4436602048543901	1.0
571	No match found	ගැලපුමක් හමු නොවුණි	0.44358600272086895	0.725
1169	PNM file has an image width of 0	PNM ගොනුවෙහි පිළිඹිබු පළල ශුන්‍ය වේ	0.4435816468619002	0.532828
1213	Insufficient memory to load XBM image file	XBM පිළිඹිබු ගොනුව පූරණයට මතකය ප්‍රමාණවත් නැත	0.4434176424214449	0.484075
249	Online Accounts	මාර්ගගත ගිණුම්	0.4433214646552254	0.547917
440	Connected	සම්බන්ධවිය	0.4433047306512047	1.0
1343	Available formats	භවිතයට ඇති සංයුති	0.4432892358844543	0.416667
954	Expires	කල් ඉකුතුව	0.44324948389259017	0.818182
467	Incoming calls	එන ඇමතුම්	0.4432067682111212	0.55
1281	Redo the last undone action	අවසාන අහෝසි කළ ක්‍රියාව නැවත කරන්න	0.4430973783710995	0.564286
1054	Latvian Lats	ලැට්වියන් ලැට්ස්	0.4429755575198131	0.60181
1010	Could not rename the folder	බහලුමේ නම වෙනස් කළ නොහැකි විය	0.44293730078166477	0.429762
519	Manage Favorite Rooms	ප්‍රියතම කාමර කළමනාකරණය කරන්න	0.4429189718790747	0.354545
274	X position of main window	ප්‍රධාන වින්ඩෝවේ X කන්දාංක	0.4427828079406625	0.698006
835	popup a child	අපරයක් උත්පතනය කරන්නtoggle	0.4427419214566719	0.362434
956	By _Company	ආයතනය මඟින් (_C)	0.4426229733851164	0.522059
1177	Unexpected end of PNM image data	PNM පිළිඹිබු ගොනුවේ බලාපොරොත්තු නොවු	0.44236993046746576	0.65602
267	Developer's Help program	දියුණු කරන්නන්ගේ උපකාරක වැඩසටහන	0.4422199971845989	0.890625
675	Title	සිරස්තලය	0.44217331092458256	1.0
174	scroll bar	රෝල් තීරුව	0.44211675915787146	0.454545
276	Y position of main window	ප්‍රධාන වින්ඩෝවේ Y කන්දාංක	0.4420705191652492	0.376781
1292	Save all open files	විවෘතව ඇති ගොනු සියල්ල සුරකින්න	0.44204852291421487	0.671875
460	Channels:	නාලිකාවන්:	0.4420014644342772	1.0
268	Main window maximized state	ප්‍රධාන වින්ඩෝව පුලුල්තිර අවස්ථාවේ..	0.44186786583722043	0.484073
933	Cancel the current mail operation	දැනට ඇති තැපැල් මෙහෙයුම අහොසි කරන්න	0.4417947924220255	0.603758
84	RAR compression/uncompression tool	RAR සම්පීඩන/අසම්පීඩන මෙවලම	0.44177862595052636	0.81746
72	7zip compression/uncompression tool	7zip සම්පීඩන/අසම්පීඩන මෙවලම	0.4415372364693994	0.823413
1080	Do not show progress information	අභිවෘද්ධි තොරතුරු නොපෙන්වන්න	0.4412802063003289	0.585162
417	Error sending message: %s	පණිවුඩය යැවීමේ දෝෂය: %s	0.44121855663106335	0.418269
631	Style:	ශෛලිය:	0.4411273769213577	1.0
1208	Image has zero width	පිළිඹිබුව සතුව ශුන්‍ය පළලක් ඇත	0.44096616850113324	0.480031
49	the six of hearts	හාර්ත හය	0.4408981336416605	0.361111
91	The complete educational desktop for Kubuntu	කුබුන්ටු සඳහා වූ සම්පූර්ණ අධ්‍යාපනික වැඩතලය	0.44058162208849055	0.921465
1315	Replace current selection	දැනට භාවිතාවන කොටස ආදේෂ කරන්න	0.4405635627191807	0.303846
701	Description Contains	විස්තර ලැයිස්තුව	0.4405498375132872	0.508403
53	the ten of hearts	හාර්ත දහය	0.4404922175688805	0.394444
1096	Failed to read from temporary file	තාවකාලික ගොනුවකිවීම අසමත්විය	0.44044866184777287	0.332512
1267	Zoom the page out	පිටුව කුඩා කරන්න	0.44034746036636985	0.888889
92	The complete educational desktop for Ubuntu	උබුන්ටු සඳහා වූ සම්පූර්ණ අධ්‍යාපනික වැඩතලය	0.4403286965861011	0.747093
1041	Check all file systems	සියලුම ගොනු පද්ධති පිරික්සන්න	0.44027663037735165	0.482609
1016	View as a F_older	බහලුමක් ලෙස දර්ශනය කරන්න (_o)	0.4400869093099889	0.305556
613	Not embedded	කාවැද්දා නැතිType 1 (One of the Standard 14 Fonts)	0.44007919574201704	0.434389
235	Free software only	නිදහස් මෘදුකාංග පමණි	0.4399085663077828	1.0
1049	Danish Krone	ඩෙන්මාර්ක ක්‍රෝන්	0.4398849069731089	0.508547
7	Privacy Policy	පුද්ගලිකත්ව ප්‍රතිපදාවන්	0.4398590692123118	0.506667
412	Failed to open private chat	පුද්ගලික සල්ලාපය විවෘත කිරීම‍ට අසමත් විය	0.43958014275915974	0.61324
1137	Icon has zero height	සංකේතය සතුව ශුන්‍ය උසක් ඇත	0.43954493884045165	0.68254
892	Create a new address book	නව ලිපින පොතක් නිර්මාණය කරන්න	0.43953642270425186	0.607692
583	Save As	මෙසේ සුරකින්න	0.4395318419402079	0.491071
912	Active Appointments	හමුවීමේ තොරතුරු	0.4393402666269198	0.575
1306	Type a new accelerator	නව ත්වරකයක් ඇතුලත් කරන්න	0.4392986890189723	0.609565
1191	Cannot allocate TGA header memory	TAG ශීර්ෂක මතකය වෙනකර තැබිය නොහැක	0.43880290542202915	0.338235
1173	Raw PNM image type is invalid	සකස් නොකළ PNM පිළිඹිබු වර්‍ගය සාවද්‍ය වේ	0.43879884112698264	0.396341
320	Default directory to select an avatar image from	මූර්ති පින්තූරයක් තේරීමට පෙරනිමි නාමාවලිය	0.4387046845069552	0.721088
794	Save the current file	දැනට භාවිතාවන ගොනුව සුරකින්න	0.43867636210843386	0.753918
42	the queen of spades	ඉස්කෝප්ප ක්වීන්	0.4385555975128482	0.39375
901	Create a new calendar	නව දිනදර්ශනයක් නිර්මාණය කරන්න	0.4381274414676453	0.713636
1056	South African Rand	දකුණු අප්‍රිකානු රැන්ඩ්	0.4380593095534349	1.0
1058	Unable to open help file	උදව් ගොනුව විවෘත කල නොහැක	0.4380569006816	0.882308
646	Failed to delete contact	සම්බන්ධතා මැකීමට අසමත් විය	0.43804375339134227	0.576296
100	Penguin Mastermind	පෙන්ගුයින් මහ මොළකාරයා	0.438014649595527	0.485126
1065	Pounds	රාත්තල්unit-format	0.43800448261744984	1.0
1046	Bulgarian Lev	බල්ගේරියානු ලෙව්	0.4377829768136677	0.710084
143	Installed packages	ස්ථාපිත පැකේජයන්	0.43765425802513597	1.0
245	Fingerprint reader tests	ඇඟිලි සළකුණ කියවීමේ පරික්ෂණ	0.4376224046699618	0.347143
620	Go to previous page	පෙර පිටුවට යන්න	0.4375201429377639	0.925
1383	Select Theme	තේමාව තෝරන්න	0.4374829645619031	0.5
1309	Remote files only	දුරස්ථ ගොනු පමණි	0.4374479663282505	0.714052
891	Create a new contact list	නව සම්බන්ධතා ලැයිස්තුවක් නිර්මාණය කරන්නNew	0.4372496129318709	0.856887
615	Disable connection to session manager	සැසි කළමනාකරුට ඇති සබඳතාව අබල කරන්න.	0.4367954987747453	0.613798
972	Disable connection to session manager	සැසි කළමනාකරුට ඇති සබඳතාව අබල කරන්න	0.4367954987747453	0.595029
81	Optimized hardware acceleration of OpenGL with older nvidia graphic cards	පැරණිතම nvidia ග්‍රාෆික කාඩ්පත් සමඟ OpenGL හී වඩා යහපත් දෘඩාංග ත්වරණය	0.4366976363685659	0.354633
1160	Fatal error in PNG image file: %s	PNG පිළිඹිබු ගොනුව තුළ තීරනාත්මක දෝෂයක් ඇත: %s	0.4366131607889103	0.470901
1251	A_vailable encodings:	භාවිතයට ඇති කේතාංකන (_v):	0.4365382887934666	0.365385
546	Message received	පණිවිඩය ලැබී ඇත	0.4364476363695572	0.485294
83	30 useful plugins for pidgin	පිඩ්ගින් සඳහා ප්‍රයෝජනවත් විය හැකි ප්ලගීන 30 ක්	0.4361340987152328	0.62931
1186	Cannot realloc IOBuffer data	IOBuffer දත්ත නැත වෙනකර තැබිය නොහැක	0.436119961281852	0.435824
212	Motor Difficulties - switch devices	චාලක අපහසුතා -උපාංගය මාරු කරන්න	0.4360548610404635	0.305556
760	Completion date	නිම කළ දිනය	0.43592760660745555	0.875
1286	Find Pre_vious	පෙර සෙවුම (_x)	0.43584782680834994	0.5
18	Main game:	ප්‍රධාන තරගය	0.4356813450398534	0.534965
478	Contact disconnected	සබඳතාව විසන්ධිවිය	0.43563087325068844	0.615079
841	Forwarded message - %s	ඉදිරියට යැවූ පණිවිඩය - %s	0.43561563903575123	0.846154
266	Computer name changed	පරිගණකයේ නම වෙනස් කෙරිණි	0.4355411995388834	0.88
798	Set the message priority to high	පණිවිඩයේ ප්‍රමුඛත්වය උපරිම ලෙස සකසන්න	0.4355259577867619	0.686603
1187	Cannot allocate temporary IOBuffer data	තානකාලීක IOBuffer දත්ත වෙනකර තැබිය නොහැක	0.43547579360917976	0.542988
48	the five of hearts	හාර්ත පහ	0.4354532494586766	0.517544
1260	_Autosave files every	ස්වයංක්‍රීය ගොනු සුරැකුම සෑම (_A)	0.43530612524188467	0.300802
967	Show a notification bubble.	දැනුම්දීමේ බුබුලක් පෙන්වන්න.	0.4350662158644933	0.315271
147	Canceled	අහෝසි කල	0.43467418452956647	0.666667
551	Account disconnected	විසන්ධි කල ගිණුම	0.4346172691020416	0.544818
279	The width of the index and search pane.	සුචියේ හා සෙවුම් කොටුවේ පළල	0.4345848680565797	0.716071
353	You canceled the file transfer	ඔබ ගොනු හුවමාරුව අවලංගු කරන ලදි	0.43456470412075604	0.555948
255	Change your backup settings	ඔබේ උපස්ථ සැකසුම් වෙනස් කරන්න	0.43453391763955906	0.675
934	C_reate Search Folder From Search...	සේවිම මඟින් සෙවුම් බහලුමක් නිර්මාණය කරන්න... (_r)	0.434512842246711	0.547838
75	Optimized hardware acceleration of OpenGL with newer ATI graphic cards	නවතම ATI ග්‍රාෆික කාඩ්පත් සමඟ OpenGL හී වඩා යහපත් දෘඩාංග ත්වරණය	0.4344278505213228	0.576254
20	Card themes:	කාඩ් තේමා:	0.4342724951317211	1.0
812	Sort Items By	අයිතම අනුපිළිවෙළට සැකසිය යුත්තේ	0.4342326743525582	0.401786
929	Move the selected folder into another folder	තෝරාගත් බහලුම වෙනත් බහලුමක් වෙතට ගෙනයන්න	0.43417636650176095	0.629268
1194	Cannot allocate memory for TGA context struct	PNM සන්ධර්භ ව්‍යුහය සඳහා මතකය ප්‍රමාණවත් නැත	0.43415808727570376	0.318599
917	Create a new memo list	නව සිහිපත් ලැයිස්තුවක් නිර්මාණය කරන්න	0.43413019531509056	0.751144
1111	BMP image has unsupported header size	BMP පිළිඹිබුවේ ශීර්ෂකයේ ප්‍රමාණය සහාය නොදක්වයි	0.4340847360226026	0.719485
231	Install a minimal virtual machine	අවම අතාත්ත්වික යන්ත්‍රයක් ස්ථාපනය කරන්න	0.43375196231686336	0.677941
10	Statistics of games played	තරග කළ තරග සංඛ්‍යාන්ක	0.43369622102196465	0.655724
203	A graphical tool to analyze disk usage.	තැටි භාවිතය විශ්ලේෂණයට ප්‍රස්ථාරික මෙවලම	0.43368458469666127	0.592988
1202	Failed to load RGB data from TIFF file	TIFF ගොනුවෙන් RGB දත්ත පූරණය අසමත් විය	0.4336798548024249	0.358974
1313	Current word	දැනට ඇති වචනය	0.433649233397155	0.486264
1077	Date of Birth	උපන් දිනය	0.4336430059162332	0.428571
352	The change in state was requested	තත්වයේ වෙනස්වීම ඉල්ලන ලදි	0.43358558817674675	0.538462
658	Changed Contact:	සම්බන්ධතා වෙනස්වීම්:	0.4335740384284689	0.526611
401	Mechanism	යාන්ත්‍රණය	0.43355742236532707	1.0
1199	Width or height of TIFF image is zero	TIFF පිළිඹිබුවේ උස හෝ පළල ශුන්‍යවේ	0.4335419802136389	0.354511
864	Message is not Junk	නොනිසරු පණිවිඩයකි	0.433476481741249	0.347222
926	Permanently remove this folder	මෙම බහලුම ස්ථිරවම ඉවත් කරන්න	0.4334594282149757	0.53059
1274	Saving %s to %s	%s, %s ලෙසට සුරකිමින්	0.4334061558389016	0.346591
272	Height of main window	ප්‍රධාන වින්ඩෝවේ උස	0.43328161807850707	0.384091
1218	XPM file has image height <= 0	XPM ගොනුවේ පිළිඹිබු උස <= 0	0.4331437331492425	0.677995
1104	Unexpected icon chunk in animation	සජීවීකරණය තුළ බලාපොරොත්තු නොවු සංකේත විශාල ප්‍රමාණයක් ඇත	0.43306999434803606	0.368922
200	Online Sources	මාර්ගගත මූලාශ්‍ර	0.4328680912589652	0.531373
687	Can not open file	පොත විවෘත කළ නොහැක	0.4328518864753335	0.565789
50	the seven of hearts	හාර්ත හත	0.43279186570124223	0.508333
1138	Unsupported icon type	සහාය නොදක්වන සංකේත වර්‍ගයක්	0.4327638907909649	0.689935
920	Completed Tasks	අවසන් කළ	0.43274913887054967	0.645833
1216	No XPM header found	XPM ශීර්ෂකය හමුවුයේ නැත	0.4326681090873241	0.525
280	Books disabled	පොත් අක්‍රිය කර ඇත	0.4326395842277356	0.710526
1079	Country of Residence	පදිංචිව සිටින රට	0.43258172532647465	0.42577
1152	Couldn't allocate memory for line data	රේඛිය දත්ත සඳහා මතකය වෙන් කළ නොහැකි විය	0.4325815859878268	0.595513
677	Journal	දෛනික සටහන්	0.432515965660072	0.75
1308	Local files only	දේශීය ගොනු පමණි	0.43240678219260575	0.332721
602	Error printing file: %s	ගොනුව මුද්‍රණය දෝෂ සහිතයි: %s	0.4322112801582026	0.370833
308	Setup Your Encrypted Private Directory	ඔබේ රහස්‍යගත පෞද්ගලික නාමාවලිය සකසන්න	0.4320599887651979	0.753374
146	Successful	සාර්ථක	0.4319903697706599	1.0
107	Leave Closed	වසා තබන්න	0.43184623060393573	0.569231
359	The selected file is not a regular file	තෝරාගත් ගොනුව සාමාන්‍ය ගොනුවක් නො‍වේ	0.4317812215702046	0.875
333	Disable popup notifications when away	බැහැරව සිටින විට උත්පතන දැනුම්දීම් අක්‍රිය කරන්න	0.43169738745612646	0.403061
1288	Search for and replace text	පෙළ සඳහා සොයා ආදේෂ කරන්න	0.43147906786275864	0.447857
110	unknown program	නොදන්නා වැඩසටහන	0.4314021786864053	1.0
517	Start a video call	විදෘශ්‍ය ඇමතුමක් අරඹන්න	0.4312758976660232	0.649123
47	the four of hearts	හාර්ත හතර	0.43111268078138215	0.484211
498	Don't connect on startup	ආරම්භයේදී සම්බන්ධ කරන්න එපා	0.4310983294602457	0.868571
688	Appointments	හමුවීමේ තොරතුරු	0.4309217192030089	0.75
1176	Insufficient memory to load PNM context struct	PNM සන්ධර්භ ව්‍යුහය පූරණයට මතකය ප්‍රමාණවත් නැත	0.4308750864127664	0.617021
821	Enter the character set to use	භාවිතා කළයුතු අක්‍ෂර කේතාංඛනය ඇතුළත් කරන්න	0.4308210251125399	0.578395
168	layered pane	ස්තර රාමුව	0.43078797038788447	0.534965
427	%s has disconnected	%s විසන්ධිවිය	0.43078283501924874	0.9
1279	Print the current page	දැනට භාවිතාවන ගොනුව මුද්‍රණය කරන්න	0.430769815390799	0.755901
919	Create a new task list	නව කාර්‍යය ලැයිස්තුවක් නිර්මාණය කරන්න	0.43076073463595815	0.751144
424	No topic defined	මාතෘකාවක් අර්ථ දක්වා නැත	0.4307599707915633	0.731765
1094	Insufficient memory to save image to callback	callback වෙත පිළිඹිබුව සුරකීමට ප්‍රමාණවත් මතකයක් නැත	0.43071644088900907	0.42781
1184	Cannot allocate memory for IOBuffer struct	IOBuffer ව්‍යුහය සඳහා මතකය වෙනකර තැබිය නොහැක	0.4306767334247565	0.443669
1171	Maximum color value in PNM file is 0	PNM ගොනුවෙහි උපරිම වර්‍ණ අගය ශුන්‍යක් වේ	0.43056226264783987	0.668425
957	By Su_bject	මාතෘකාව මඟින් (_b)	0.4305203054553279	0.506579
973	Create and modify an archive	සංරක්‍ෂණයක් නිර්මාණය කරන්න සහ වෙනස් කරන්න	0.43051258202519627	0.805419
1302	Run command	විධාන ක්‍රියාත්මක කරන්න	0.43042626433362263	0.583333
1078	Country of Citizenship	පුරවැසිකම තිබෙන රට	0.43031929697153903	0.524027
925	Copy the selected folder into another folder	තෝරගත් බහලුම වෙනත් බහලුමක් තුළට පිටපත් කරන්න	0.43020118676587	0.577778
733	Undefined	නිර්වචනය නොකළ	0.43018774130782683	0.821429
649	Anniversary	සාංවත්සරික	0.4301650019546435	1.0
1375	Confirm Scaling	පරිමාණය තහවුරු කිරීම	0.43004829290513485	0.416667
1365	Show license information and exit	බලපත්‍රයේ තොරතුරු පෙන්වා ඉවත් වන්න	0.42996310773378876	0.652101
1185	Cannot allocate memory for IOBuffer data	IOBuffer දත්ත සඳහා මතකය වෙනකර තැබිය නොහැක	0.429913821312411	0.445703
202	Mo_ve to Trash	ඉවතලන බදුනට දමන්න (_v)	0.4297172220074738	0.308696
890	Create a new contact	නව සම්බන්ධතා නිර්මාණය කරන්නNew	0.4295646614995978	0.663594
1051	Pound Sterling	ස්ටර්ලින් පවුම්	0.42935395903768114	0.6125
1397	Path name:	මාර්‍ග නාමය:guides-type	0.42928843481602075	0.626894
345	Show hint about closing the main window	ප්‍රධාන කවුළුව වැසීම පිළිබඳව ඉඟියක් පෙන්වන්න	0.42919068124001375	0.620833
1084	Image file '%s' contains no data	%s පිළිඹිබු ගොනුව තුළ දත්ත නැත	0.4291455746416498	0.513685
185	Operation failed	මෙහෙයුම අසාර්ථකයි	0.42909743561168256	1.0
416	Unknown command	නොදන්නා විධාන	0.4290413363851362	1.0
71	Unknown value	නොදන්න අගය	0.4289356631697162	1.0
379	Example: username	නිදසුන: පරිශීලක නාමය	0.4288185217946725	0.440476
1316	Opens the External Tools Manager	බාහිර මෙවලම් කළමණාකරු විවෘත කරන්න	0.4288002436258464	0.418449
1305	All languages	සියළු භාෂා	0.4287935088739034	1.0
464	People nearby	ආසන්නයේ පුද්ගලයින්	0.4287335666400169	0.539474
371	People Nearby	ආසන්නයේ පුද්ගලයින්	0.4287335666400169	0.460526
667	Business Phone	ව්‍යාපාරික දුරකථනය	0.428425326879444	0.410526
877	Subject is %s	මාතෘකාව වනුයේ %s	0.4283557389363199	0.716387
553	Show contact _list in rooms	කාමරවලදී සබඳතා ලැයිස්තුව පෙන්වන්න (_l)	0.4282741824095704	0.598443
45	the two of hearts	හාර්ත දෙක	0.42820427791669813	0.494444
322	Open new chats in separate windows	නව සල්ලාප නව කවුළුවල විවෘත කරන්න	0.42815034301719695	0.45671
626	Go to the previous page	පෙර පිටුව වෙත යන්න	0.42812870456723867	0.717105
399	Discover the STUN server automatically	STUN සේවාදායකය ස්වයංව අනාවරණය කරන්න	0.4279853245842994	0.362179
1170	PNM file has an image height of 0	PNM ගොනුවෙහි පිළිඹිබු උස ශුන්‍ය වේ	0.4278465393139249	0.463866
444	Phone number	දුරකථන අංකය	0.42763121930272113	1.0
1370	From theme	තේමාවෙන්canvas-padding-mode	0.42751908056086224	0.772727
1353	by date	දිනය මඟින්	0.42744948394138244	0.539773
1038	Try to make free space	නිදහස් අවකාශයක් තැනීමට උත්සහ කරන්න	0.42728560703549434	0.590062
630	Paper Size:	කඩදාසියේ ප්‍රමාණය:predefinito:mm	0.42689592531950177	1.0
282	Group by language	භාෂාව අනුපිලිවලට ගොනු ගත කරන්න	0.426710417443548	0.346774
486	Unable to open URI	URI විවෘත කිරීමට නොහැක	0.4266868849446163	0.454233
518	Audio	ශ්‍රව්‍ය	0.4266525697021696	1.0
950	Save Custom View...	රිසි කළ දසුන සුරකින්න...	0.42637413534973995	0.44
19	Card games:	කාඩ් තරග:	0.4263173803601824	1.0
811	_Fields Shown...	පෙන්වන ක්‍ෂේත්‍ර... (_F)	0.4263046203295731	0.335294
899	Display	සංදර්ශකය	0.42627305201706456	1.0
1387	Display	සංදර්ශනය	0.42627305201706456	1.0
169	list	ලැයිස්තුව	0.4261209020585632	1.0
706	Could not update object	වස්තුව යාවත්කාලීන කල නොහැක	0.4260927523474325	0.550926
574	Remove the selected item from the toolbar	තෝරාගත් අයිතමය මෙචලම් පුවරුවෙන් ඉවත් කරන්න	0.4260092865028159	0.482558
16	black joker	කලු ජොකර්	0.42593935022239865	1.0
1141	Unsupported depth for ICO file: %d	ICO ගොනුව සඳහා සහාය නොදක්වන ගැබුරක්: %d	0.4258953013373419	0.776786
1334	Check the current document for incorrect spelling	දැනට ඇති ලේඛනයේ අක්‍ෂර වින්‍යාසය පරීක්‍ෂා කරන්න	0.42570731803263206	0.724583
1249	Chinese Traditional	සම්ප්‍රදායික චීන	0.4256717394957471	0.317647
488	Chinese Traditional	සාම්ප්‍රදායික චීන	0.4256717394957471	0.311111
949	Submit a bug report using Bug Buddy	බග් බඩි භාවිතයෙන් දෝෂ වාර්ථාවක් යවන්න	0.42564168578621336	0.635234
1255	Open a recently used file	මෑතකදි භාවිතා කළ ගොනුව විවෘත කරන්න	0.4254433614906664	0.832967
450	No contacts found	සබැඳි හමු නොවුණි	0.42530467633014074	0.455882
358	File transfer not supported by remote contact	ගොනු හුවමාරුව සඳහා දුරස්ථ සබඳතාවය සහය නොදක්වයි	0.42525460205583143	0.430157
22	Restart the game	තරගය නැවත ආරම්ඹ කරන්න	0.4252280202375802	0.632353
659	New Contact:	නව සබධතා:	0.42520412966843496	0.696154
1167	PNM file has an incorrect initial byte	PNM ගොනුව තුළ සාවද්‍ය ආරම්භක බයිටයක් ඇත	0.42510907586466773	0.493269
374	All accounts	සියලුම ගිණුම්	0.42505808558331026	0.403846
939	All Accounts	සියළුම ගිණුම්	0.42505808558331026	0.596154
373	Facebook Chat	ෆේස්බුක් සල්ලාපය	0.4249642544528616	1.0
166	glass pane	වීදුරු කවුළුව	0.4248723147892645	0.477273
661	No contacts	සබධතා නැත	0.424748727734679	0.675
15	Glenwood	ග්ලෙන්වූඩ්	0.4247105173734636	1.0
1121	Failure reading GIF: %s	GIF කියවීම අසමත් විය: %s	0.424581073036015	0.613333
1282	Delete the selected text	තෝරාගත් පෙළ මකන්න	0.4243826539454201	0.597778
597	Temporary file creation failed.	තාවකාලික ගොනු නිර්මාණය අසමත්විය.	0.42437394846427934	1.0
68	the queen of diamonds	රුවිත ක්වීන්	0.4243583618869768	0.473776
838	Drafts	කෙටුම් පත්	0.42422011264404	0.818182
253	All applications	සියලුම වැඩසටහන්	0.4241849825916031	1.0
964	On This Computer	මෙම පරිගණකය මත	0.424103054696313	0.645098
700	Summary Contains	සාරාංශය	0.4240289326911747	0.735294
914	Summary contains	සාරංශයේ ඇතුළත් වනුයේ	0.4240289326911747	0.42577
192	empty	හිස්	0.4240176046696173	1.0
1256	Empty	හිස්	0.4240176046696173	1.0
1352	by copyright	කතුහිමිකම මඟින්	0.4240010572925146	0.697115
502	Reject	නොපිළිගන්න	0.42399315242902064	1.0
559	Enable notifications when a contact goes offline	සබඳතාවක් නොබැඳි වෙන විට දැනුම්දීම් සක්‍රිය කරන්න	0.42383476992394875	0.469388
339	Use theme for chat rooms	සල්ලාප මණ්ඩප සඳහා තේමාව භාවිතා කරන්න	0.4237472236220417	0.59027
1371	No action	ක්‍රියාවක් නැතspace-bar-action	0.42350575275644553	0.672581
1200	Dimensions of TIFF image too large	TIFF පිළිඹිබුවේ මාන ඉතා විශාල වේ	0.42339065313293933	0.541558
672	Mobile Phone	ජංගම දුරකථනය	0.4232225906375652	1.0
735	In Progress	ක්‍රියාත්මක වෙමින් පවතී	0.4230482994401574	0.625
1050	Algerian Dinar	ඇල්ජීරියන් ඩිනාර්	0.42302618993550156	0.605556
718	March	මාර්තු	0.42300708438449663	1.0
521	Typing a message.	පණිවිඩය ටයිප් කරමින්.	0.4229582770379828	0.762626
525	Room invitation	මණ්ඩප ආරාධනා	0.4229238942819774	0.387019
318	Hide main window	ප්‍රධාන කවුළු ස‍ඟවන්න	0.4228163785827433	0.328877
487	Armenian	ආර්මේනියන්	0.4226272464629918	1.0
1354	by type	වර්ගය මඟින්	0.422545800819588	0.5625
1075	Failed to init GConf: %s	init GConf: %s අසමත්විය	0.42246190852616167	0.6125
885	Security Information	ආරක්‍ෂක තොරතුරු	0.42244311966247144	0.535714
1285	Search forwards for the same text	එම පෙළ සඳහාම ඉදියට් සොයන්න	0.42242677939871864	0.623638
685	Phone	දුරකථනය	0.4223273052422274	1.0
618	Warning	අවවාදයයි	0.42225612041264643	1.0
695	Warning	අවවාදය	0.42225612041264643	1.0
522	Warning	අනතුරු හැඟවීම	0.42225612041264643	0.75
987	Could not create the archive	සංරක්‍ෂණ නිර්මාණය කළ නොහැකි විය	0.42224550676746603	0.718211
51	the eight of hearts	හාර්ත අට	0.42221954105707027	0.825
17	red joker	රතු ජොකර්	0.4221611650759229	0.6
557	Enable notifications when the _chat is not focused	සල්ලාපය එල්ල වී නැති විට දැනුම්දීම් සක්‍රිය කරන්න (_c)	0.42211640122158717	0.426916
46	the three of hearts	හාර්ත තුන	0.42197944472233456	0.825
175	split pane	බෙදුම් කවුළුව	0.42188771525251334	0.477273
1083	Failed to open file '%s': %s	'%s' ගොනුව විවෘත කිරීම අපහසුවිය: %s	0.4218430236089863	0.605364
1299	Open '%s'	'%s' විවෘත කරන්න	0.4218341976787911	0.823529
826	Click this button to show a calendar	දිනදර්ශනය දර්ශනයට මෙම බොත්තම ක්ලික් කරන්න	0.4218019276340419	0.683076
900	Create a new appointment	නව හමුවීමේ තොරතුරු නිර්මාණය කරන්නNew	0.42179490571497846	0.60973
1034	Number of files:	ගොනු සංඛ්‍යාව:	0.4217638418515438	0.539216
312	Empathy should auto-connect on startup	ආරම්භයේදී Empathy ස්වයංව සම්බන්ධ විය යුතුයි	0.4217199416556669	0.439685
617	Preparing to print…	මුද්‍රණය සඳහා සුදානම් කරමින්…	0.4217189418335841	0.713068
1291	Go to a specific line	විශේෂිත පේළියකට යන්න	0.42157118573507696	0.818182
1106	Not enough memory to load animation	සජීවීකරණය පූරණයට ප්‍රමාණවත් මතකයක් නැත	0.4214803865379274	0.573718
803	Ask for confirmation when deleting items	අයිතම මැකීමේදී තහවුරුව සඳහා විමසන්න	0.4213356251064928	0.394648
1220	Cannot allocate memory for loading XPM image	XPM පිළිඹිබුව පූරණයට මතකය වෙන් කළ නොහැකි විය	0.4213048220913223	0.6
629	Security:	ආරක්ෂාව:	0.4212253647769811	1.0
1099	Insufficient memory to save image into a buffer	ස්වාරක්‍ෂක භාරයක් තුළට සුරකීමට ප්‍රමාණවත් මතකයක් නොමැත	0.42113490849040525	0.741288
1341	Insert Date and Time	දිනය සහ වේලාව ඇතුලත් කරන්න	0.420978127023437	0.410053
624	Jump to page:	පිටුවට පනින්න:	0.4209255190174467	0.480952
1183	Not enough memory to load RAS image	RAS පූරණය පූරණයට ප්‍රමාණවත් මතකයක් නැත	0.4208817798511068	0.638889
1110	Not enough memory to load bitmap image	bitmap පිළිඹිබුව පූරණයට ප්‍රමාණවත් මතකයක් නැත	0.4207965905560935	0.4699
1073	Text contains invalid UTF-8	පෙළ තුළ සාවද්‍ය UTF-8 අඩංගු වේ	0.4207043639142386	0.56682
1035	Not enough lines	රේඛා ප්රමානවවත් ‍නොවේ	0.4206898026221641	0.67507
1214	Failed to write to temporary file when loading XBM image	XBM පිළිඹිබු ගොනුව පූරණයේදි තාවකාලීක ගොනුවට ලිවීම අසමත් විය	0.42021359457968815	0.462719
607	About this application	මෙම යෙදුම සම්බන්ධව	0.42017376123366607	0.632723
1011	Could not rename the file	ගොනුවේ නම වෙනස් කළ නොහැකි විය	0.41984294884663625	0.428205
789	Arctic/Longyearbyen	අර්ක්ටික්/Longyearbyen	0.4195077224023033	1.0
1005	Open a recently used archive	මීට පෙර භැවිත් කළ සංරක්‍ෂණය විවෘත කරන්න	0.41939869582738315	0.62931
969	When new mail arri_ves in	නව පණිවිඩයක් පැමි_ණි විට	0.41921154432030705	0.942308
4	No description available	විස්තරයක් ලබා ගත නොහැක	0.41912916551566604	0.305217
242	_Skip this test	මෙම පරික්ෂාව මඟහරින්න (_S)	0.4189118425840131	0.510417
475	Received an instant message	ක්ෂණික පණිවිඩයක් ලැබුණි	0.41875221191216605	0.657738
943	Unknown error	නොදන්නා දෝෂයක්	0.41872313173117387	0.519048
792	Pacific/Norfolk	පැසිෆික්/Norfolk	0.41865417388173215	1.0
536	"""%s"" sent to %s"	"%sට ""%s"" යවන ලදි"	0.4186409105771942	0.303309
1128	Not enough memory to load GIF file	GIF ගොනුව පූරණයට ප්‍රමාණවත් මතකයක් නැත	0.4186327146813913	0.497802
1129	Not enough memory to composite a frame in GIF file	GIF ගොනුව තුළ සමිශ්‍රිත රාමුවක් සැකසීමට ප්‍රමාණවත් මතකයක් නැත	0.4185281759114651	0.560247
1263	Show the next page	මීළඟ පිටුව පෙන්වන්න	0.4183857931258511	0.638158
1360	Stop playback	පිළිවැයිම නවත්වන්න	0.4183272204131357	1.0
461	Climb Speed:	නැඟීමේ වේගය:	0.41818103516135946	1.0
1	Activities and Privacy Manager Tool	කාර්ය සහ පුද්ගලිකත්ව කළමනාකරණ මෙවලම	0.41814803635136616	0.722222
346	Empathy can publish the user's location	Empathyට පරිශීලකගේ පිහිටීම ප්‍රකාශයට පත් කල හැක	0.41814269474541	0.58125
976	An archive manager for GNOME.	GNOME සඳහා සංරක්‍ෂණ කළමණාකරු.	0.418124061732024	0.366667
292	Use the system default fonts.	පද්ධතියේ ඇති මුලික අකුරු රටා භාවිතා කරන්න	0.4180865042892222	0.519048
510	There was a failure in the call engine	ඇමතුම් එංජිමේ අසමත්වීමක් විය	0.418052279087948	0.6229
1301	Open terminal here	අග්‍රය මෙතන විවෘත කරන්න	0.41799335864949466	0.492325
762	Deleting selected objects	තෝරාගත් වස්තු මකමින්	0.41787343675827604	0.660256
1112	Couldn't allocate memory for saving BMP file	BMP පිළිඹිබුව සුරකීමට මතකය වෙන් කළ නොහැකි විය	0.41786955811285836	0.428744
530	"Sending ""%s"" to %s"	"%sට ""%s"" යවමින්"	0.4178327199108952	0.717105
1113	Couldn't write to BMP file	BMP ගොනුවට ලිවිය නොහැකි විය	0.41779968118526906	0.581349
369	Connection has been lost	සම්බන්ධතාවය නැතිවුණි	0.41765557675061477	0.82
1139	Not enough memory to load ICO file	ICO ගොනුව පූරණයට ප්‍රමාණවත් මතකයක් නැත	0.41750991417998407	0.606227
1057	Unknown argument '%s'	'%s'අඥාත විස්තාරය	0.41749439154017465	0.363636
565	Location sources:	පිහිටුම් මූලය:	0.4173945867601723	0.45
660	Email begins with	විද්‍යුත් තැපැල ආරම්භ වනුයේ	0.41732670695058605	0.646825
664	Email 2	විද්‍යුත් තැපෑල 2	0.4170458131870828	0.722222
1350	by description	විස්තරය මඟින්	0.41688761322922974	0.685714
24	_Recently Played	මෑතකදි තරග කළ (_R)	0.4168072504674928	0.425697
327	Play a sound for outgoing messages	යැවෙන පණිවිඩ සඳහා ශබ්දයක් වාදනය කරන්න	0.4167167620149805	0.551128
1246	Loading file '%s'…	'%s' ගොනුව පූරණය වෙමින්…	0.41669837023545914	0.513228
579	Bytes:	බයිට:	0.4165576754273775	1.0
1130	GIF image is corrupt (incorrect LZW compression)	GIF පිළිඹිබුව විනාශ වි ඇත (සාවද්‍ය LZW සම්පීඩනයක්)	0.41648586357654593	0.811325
694	No location information available.	පිහිටුම් තොරතුරු භාවිතයට නැත.	0.41647439715432505	0.82381
334	Show contact list in rooms	කාමරවලදී සබඳතා ලැයිස්තුව පෙන්වන්න	0.4164104493433484	0.520153
959	Not connected	සම්බන්ධ වී නොමැත	0.4164038924380433	0.592437
918	Create a new assigned task	නව නියම කළ කාර්‍යයක් නිර්මාණය කරන්නNew	0.41634027923168204	0.539886
1210	Not enough memory to load image	පිළිඹිබුව පූරණයට ප්‍රමාණවත් මතකයක් නැත	0.4163025169552055	0.563301
993	"Could not display the folder ""%s"""	"""%s"" බහලුම පෙන්විය නොහැක"	0.4162073491956607	0.451176
33	the queen of clubs	කලාබර ක්වීන්	0.41620683732931535	0.427126
127	Add a new repository and install packages from it	අලුත් ගබඩාවක් එකතු කර එමගින් පැකේජ ස්ථාපනය කරන්න	0.416140608272338	0.45449
829	Not sorted	අනුපිළිවෙළට සකසා නැත	0.416069835573648	0.714286
190	Not supported	සහය නොදක්වයි	0.4160032116079194	0.510989
1032	Go to the home location	නිවාස පිහිටිමට යන්න	0.41542342657993453	0.854167
1222	Failed to write to temporary file when loading XPM image	XPM පිළිඹිබු ගොනුව පූරණයේදි තාවකාලීක ගොනුවට ලිවීම අසමත් විය	0.4153375381054903	0.41886
960	Email 1	විද්‍යුත් තැපෑල 1	0.4153233524065502	0.722222
715	End date is wrong	අවසන් දිනය වැරදිය	0.4152599058416439	0.638889
1089	Couldn't recognize the image file format for file '%s'	'%s' ගොනුව සඳහා පිළිඹිබු සංයුතිය හදුනාගත නොහැක	0.41524727132040823	0.333849
357	Unknown reason	නොදන්නා කාරණය	0.4149750025146168	0.552381
963	Unknown reason	නොදන්නා හේතුවක්	0.4149750025146168	1.0
55	the queen of hearts	හාර්ත ක්වීන්	0.414910715574316	0.444231
1197	Could not get image width (bad TIFF file)	පිළිඹිබු පළල ලබාගත නොහැකි විය (අයෝග්‍ය TIFF ගොනුව)	0.4148323120867756	0.753501
154	Exception '%s'	හැර දමන ලද්ද '%s'	0.4147351121900334	0.305556
1142	Error interpreting JPEG image file (%s)	JPEG පිළිඹිබු ගොනුව (%s) ව්‍යාඛ්‍යායනය දෝෂ සහිතයි	0.4146236651333899	0.6
443	Full name	සම්පූර්ණ නම	0.4144527186694234	1.0
790	Indian/Maldives	ඉන්දියානු/මාලදිවයින	0.41428946955489243	1.0
289	The X position of the assistant window.	සහකාරක වින්ඩෝවේ X කන්දාංක	0.4141947336945262	0.336538
1310	Untitled documents only	නිර්ණාමික ලේඛන පමණි	0.4141751876012962	0.770833
378	Create a new account on the server	සර්වරයේ නව ගිණුමක් තනන්නMyUserName on freenode	0.4140588164659955	0.434043
1283	Select the entire document	සම්පූර්ණ ලේඛනයම තෝරන්න	0.41402109355288685	0.644122
961	Permission denied	අවසර වලකා ඇත	0.4139806982955878	0.497863
441	Permission Denied	අවසරදීමට නොහැක	0.4139806982955878	1.0
419	permission denied	අවසරය ප්‍රතික්ෂේප කරන ලදි	0.4139806982955878	0.846154
113	Permission denied	අවසර දීමට නොහැක	0.4139806982955878	0.461806
854	Reply	පිළිතුර	0.4138379372091423	1.0
971	Examples	නිදසුන්	0.4138330088152906	1.0
668	Business Phone 2	ව්‍යාපාරික දුරකථනය 2	0.41360616481440604	1.0
490	Japanese	ජපන්	0.41358991197506245	1.0
619	Go to first page	පළවෙනි පිටුවට යන්න	0.41314810047589656	0.911765
1175	Cannot allocate memory for loading PNM image	PNM පිළිඹිබුව පූරණයට මතකය වෙන් කළ නොහැකි විය	0.412967497969875	0.6
210	Other Options	වෙනත් විකල්ප	0.41296300826026644	1.0
473	Click to remove this status as a favorite	මෙම තත්වය ප්‍රියතමයක් ලෙස ඉවත් කිරීමට ක්ලික් කරන්න	0.41258808852137413	0.617647
188	Daemon not running	ඩීමන් ක්‍රියාත්මක නොවේ	0.4124914045646808	1.0
239	The disc is ready for use.	තැටිය භාවිතය සඳහා සුදානම්.	0.4123131321244827	0.62963
761	Complete	නිමාව	0.4122779417266065	1.0
1146	Couldn't allocate memory for header	ශීර්ෂකය සඳහා මතකය වෙන් කළ නොහැකි විය	0.4121289074431588	0.521021
1134	Not enough memory to load icon	සංකේතය පූරණයට ප්‍රමාණවත් මතකයක් නැත	0.4118499698940776	0.56362
562	_Publish location to my contacts	මගේ සබඳතාවලට පිහිටුම ප්‍රකාශයට පත් කරන්න (_P)	0.4117266189344281	0.502964
1366	Make all warnings fatal	සියළු අවවාදයන් මාරාන්තික කරන්න	0.4116942908012645	0.734543
148	Failed	අසාර්ථක විය	0.4116863033311903	0.833333
561	Play sound for events	සිද්ධි සඳහා ශබ්දය වාදනය කරන්න	0.4116698597559175	0.9
1015	Actions	ක්‍රියා	0.41162942500201416	1.0
673	Other Phone	වෙනත් දුරකථන	0.41154999645141743	0.480769
984	Add files to the specified archive and quit the program	විශේෂිතව දැක්වු සංරක්‍ෂණයට ගොනු එක්කර වැඩසටහනින් ඉවත්වන්න	0.4113277659187885	0.805727
285	The width of the assistant window.	සහකාරක වින්ඩෝවේ පළල	0.4111827153962996	0.339286
1148	Image has invalid width and/or height	පිළිඹිබුව සතුව සාවද්‍ය උසක් සහ/හෝ පළලක් ඇත	0.41116082243546737	0.629743
243	Further information:	වැඩිදුර තොරතුරු:	0.4110992398320861	1.0
1355	Additional Information	අමතර තොරතුරු	0.4110243866521231	0.568562
326	Play a sound for incoming messages	එන පණිවිඩ සඳහා ශබ්දයක් වාදනය කරන්න	0.4110200167213898	0.885714
1351	by author	කර්තෘ මඟින්	0.4109544198059388	0.6
1363	Composition:	සංයෝජනය:	0.41093570424592885	1.0
738	New Meeting	නව රැස්වීම්	0.4108361167905157	0.708333
474	Click to make this status a favorite	මෙම තත්වය ප්‍රියතමයක් ලෙස හැදීමට ක්ලික් කරන්න	0.4105398767975523	0.680082
98	3D chess for X11	X11 සඳහා වූ 3D චෙස්	0.41050733978698867	0.925
476	Sent an instant message	ක්ෂණික පණිවිඩයක් යවන්න	0.4104977492056521	0.640399
348	Empathy can use the cellular network to guess the location	පිහිටීම අනුමාන කිරීමට Empathyට ජංගම දුරකථන ජාලය භාවිතා කල හැක	0.4104934545548284	0.562739
873	All local and active remote folders	සියළු ප්‍රාදේෂිය බහලුම් සහ සක්‍රීය දුරස්ථ බහලුම්	0.410366225264199	0.554138
997	"Could not open ""%s"""	"""%s"" විවෘත කළ නොහැක"	0.41028705429291096	0.525
665	Email 3	විද්‍යුත් තැපෑල 3	0.4102840361335929	0.722222
958	By Se_nder	යවන්නා මඟින් (_n)	0.409939158905047	0.502525
411	Select...	තෝරන්න...	0.40978684389326875	1.0
725	Other Date	වෙනත් දවසක	0.40973284544266003	0.545455
749	calendar view for a work week	වැඩකරන සතිය සඳහා දිනදර්ශන දසුන	0.4096543742810111	0.507527
385	Real name	සත්‍ය නම	0.40960269317947573	1.0
568	Chat Th_eme:	සල්ලාප තේමාව: (_e)	0.4095288861612223	0.439271
197	Support for Rio Karma devices.	රිඕ කාර්ම උපාංග සඳහා සහය දක්වයි.	0.4094575685935257	0.579179
1321	An error occurred while loading a directory	බහලුම පූරණය කිරීමෙදි දෝෂයක් හටගැනුණි	0.4094405382903605	0.644656
445	Website	වෙබ් අඩවිය	0.40940279432589743	0.727273
257	Original location	නියම ස්ථානය	0.40931619987296786	1.0
1151	Couldn't create new pixbuf	නව pixbuf නිර්මාණය කළ නොහැක	0.4091565448028676	0.672619
1230	Specifies the position of the right margin.	දකුණු මායිමේ ස්ථානය සඳහන් කරයි.	0.40912636366269106	0.558239
1317	An error occurred while creating a new directory	නව බහලුම නිර්මාණය කිරීමෙදි දෝෂයක් හටගැනුණි	0.4089293735573476	0.468676
1261	He_aders and footers:	ශිර්ෂක සහ පාදම (_a):	0.40892335088745035	0.50974
310	Open Hidden in Background	පසුබිමේ සඟවමින් විවෘත කරන්න	0.40889923314487986	0.835165
1295	Quit the program	වැඩසටහනින් ඉවත්විම	0.40867314078393413	0.882353
1319	An error occurred while renaming a file or directory	ගොනුවේ හෝ බහලුමේ නම වෙනස් කිරීමෙදි දෝෂයක් හටගැනුණි	0.4086354615670417	0.403996
533	"Error sending ""%s"" to %s"	"%sට ""%s"" යැවීමේ දෝෂයක්"	0.4086261717429403	0.793043
743	Calendar Event: Summary is %s.	දිනදර්ශන සිදුවීම්: සාරාංශය %s වේ.	0.4085593385027671	0.615275
1003	Could not perform the operation	මෙහෙයුම ක්‍රියාත්මක කළ නොහැකි විය	0.40854431650413464	0.847426
102	Privacy and Activity Manager	පෞද්ගලිකත්ව සහ ක්‍රියාකාරකම් කළමණාකරු	0.40845392333698033	0.447822
2	Privacy and Activity Manager	පුද්ගලිකත්ව සහ කාර්ය කළමනාකරු	0.40845392333698033	0.424138
350	Empathy should reduce the location's accuracy	Empathy පිහිටීමේ නිරවද්‍යතාව අඩු කල යුතුයි	0.40839444850711354	0.539939
714	Start date is wrong	ආරම්භක දිනය වැරදිය	0.4083137099920254	0.590789
281	List of books disabled by the user.	පොත් ලේකනය පරිශීලකයා විසින් අක්‍රිය කර ඇත	0.40827978013592303	0.345238
913	Next 7 Days' Appointments	දිනය පුරා ඇති සම්මුතිය (_p)	0.4082092877440101	0.615385
299	Language: Undefined	භාෂාව: අර්ථදක්වා නැත	0.4080821654742027	0.904762
356	The other participant is unable to transfer the file	අනෙක් සහභාගිකයාට ගොනුව හුවමාරු කිරීමට නොහැක	0.40805561542617574	0.886792
355	Error while trying to transfer the file	ගොනුව හුචමාරු කිරීමට උත්සහ කිරීමේදී දෝෂය	0.4077431490492923	0.432317
968	Show new message count in the message indicator applet.	පණිවිඩ දර්ශක ඇප්ලටයෙහි නව පණිවිඩ සංඛ්‍යාව දක්වන්න.	0.4074206346224924	0.506653
785	Priority: %s	ප්‍රමුඛත්වය: %s	0.40737062296663573	1.0
1337	No misspelled words	අක්‍ෂර වින්‍යාසය වැරදි වචන නැත	0.40723951317593776	0.602419
446	work	වැඩකරන	0.4068270770883526	1.0
307	Error opening the requested link.	අයදුම් කරන ලද බන්ධයේ(link) දෝෂයක් පවතී	0.4067845318162646	0.453243
696	does not contain	අඩංගු නැත	0.4067380274612675	0.317647
648	Email	විද්‍යුත් තැපෑල	0.4067209124543807	0.6875
791	Pacific/Enderbury	පැසිෆික්/Enderbury	0.40621926617383614	1.0
1064	Unknown variable '%s'	නොදන්නා විචල්‍ය '%s'	0.40596028816658414	0.604978
928	Mar_k All Messages as Read	සියළුම පණිවිඩ කියවූ ලෙස සළකුණු කරන්න (_k)	0.40591083997287636	0.328042
271	The width of the main window.	ප්‍රධාන වින්ඩෝවේ පළල	0.40564589758799313	0.604762
507	There was a failure on the network	ජාලයේ අසමර්ථයක් විය	0.40562781610543464	0.785714
1087	Unable to load image-loading module: %s: %s	පිළිඹිබු පූරණ අංගය පූරණය කළ නොහැක: %s: %s	0.4055951486131142	0.555736
763	Time: %s %s	වේලාව: %s %s	0.4055084601492329	1.0
1327	Add a new snippet...	නව කෙටි උධෘත පාඨයක් එක් කරන්න...	0.4054955034350206	0.554113
1123	Internal error in the GIF loader (%s)	GIF පූරකයේ අභ්‍යන්තර දෝෂයකි (%s)	0.4054905004447622	0.479266
1147	Couldn't allocate memory for context buffer	සන්ධර්භ ස්වාරක්‍ෂක භාරය සඳහා මතකය වෙන් කළ නොහැකි විය	0.40527828711182284	0.397084
977	Could not add the files to the archive	සංරක්‍ෂණ සඳහා ගොනු ඇතුලත් කළ නොහැකි විය	0.4052662986659782	0.416987
1062	Octal	අෂ්ටක	0.40519059829957493	1.0
1071	Usage: %s <dir>	භාවිතය: %s <dir>	0.40513685688866735	1.0
902	Calendar and Tasks	දිනදර්ශනය සහ කාර්‍යයන්	0.40507503604790857	1.0
737	New All Day Event	නව සියළුම දින සිදුවීම්	0.4050746531317674	0.429952
1253	Unexpected error: %s	බලාපොරොත්තු නොවු දෝෂයක්: %s	0.405051034135752	0.434524
535	"""%s"" received from %s"	"%s ගෙන් ""%s"" ලැබෙන ලදි"	0.40504586860505554	0.557312
832	Select All	සියල්ල තෝරන්න	0.40485473392326093	0.568182
1358	Select All	සියල්ලම තෝරන්න	0.40485473392326093	0.584848
524	Incoming file transfer from %s	%sගෙන් ලැබෙන ගොනු හුවමාරුව	0.40469710515526913	0.663082
485	The certificate is self-signed.	සහතිකය ස්වයං-සන්ව ඇත.	0.40458575120257034	0.799716
860	ends with	සමඟ අවසන්වන	0.404579917760366	0.583333
415	Usage: %s	භාවිතය: %s	0.4045190496452803	1.0
275	The X position of the main window.	ප්‍රධාන වින්ඩෝවේ X කන්දාංක	0.4042989063117978	0.551852
1345	success	සාර්ථකයි	0.40410540729377403	1.0
808	Security	ආරක්‍ෂාව	0.404092866165273	1.0
692	No summary available.	සාරාංශයක් භාවිතයට නැත.	0.4040817768234381	0.358696
1198	Could not get image height (bad TIFF file)	පිළිඹිබු උස ලබාගත නොහැකි විය (අයෝග්‍ය TIFF ගොනුව)	0.40381264958919716	0.730465
529	"Receiving ""%s"" from %s"	"%s ගෙන් ""%s"" ලැබෙමින්"	0.4037585654435879	0.355731
167	image	අනුරුව	0.40373286527071217	1.0
600	Image	පිළිඹිබු	0.40373286527071217	1.0
329	Play a sound when a contact logs in	සබඳතාවක් පැමිණීමේදී ශබ්දයක් වාදනය කරන්න	0.4035300520369956	0.758333
527	%s invited you to join %s	%s ඔබට %sට සම්බන්ධ වීමට ආරාධනා කරන ලදි	0.4035170563471334	0.788462
1250	Cyrillic/Russian	සයිරිලීක/රුසියානු	0.4034063905632078	1.0
489	Cyrillic/Russian	සිරිලික්/රුසියානු	0.4034063905632078	1.0
754	calendar view for a month	මාසයක් සඳහා දිනදර්ශන දසුන	0.40337696866011075	0.519231
1100	Incremental loading of image type '%s' is not supported	'%s' පිළිඹිබු වර්‍ගයේ වර්‍ධක පූරණය සහාය නොදක්වයි	0.40333345217979344	0.399235
916	Create a new task	නව කාර්‍යයක් නිර්මාණය කරන්න	0.4029570069904832	0.672619
421	not implemented	ක්‍රියාවට නංවා නැත	0.4028400590534033	0.506579
330	Play a sound when a contact logs out	සබඳතාවක් පිටවීමේදී ශබ්දයක් වාදනය කරන්න	0.4028101597775376	0.419265
622	Go to last page	අන්තිම පිටුවට යන්න	0.4027785736539845	0.90625
365	Unknown	නොදන්නා	0.40277212301271836	1.0
179	unknown	නොදන්නා	0.40277212301271836	1.0
432	%s has joined the room	%s කාමරයට එක් විය	0.4027548954636924	0.714976
21	Start a new game	නව තරගයක් ආරම්ඹකරන්න	0.402744110114073	0.502801
1207	Couldn't write to TIFF file	TIFF ගොනුවට වෙත ලිවීමට නොහැකි විය	0.40255264427315696	0.355042
207	Enter your password:	ඔබේ මුරපදය ඇතුළු කරන්න:	0.4025328492423325	0.58631
1318	An error occurred while creating a new file	නව ගොනුව නිර්මාණය කිරීමෙදි දෝෂයක් හටගැනුණි	0.4025290599878936	0.620772
788	America/Thunder_Bay	ඇමරිකාව/Thunder_Bay	0.4024169991227221	1.0
1287	Search backwards for the same text	එම පෙළ සඳහාම පසුපසට සොයන්න	0.40239385535703365	0.647619
247	You can install it by typing:	ඔබට එය කේතනයකර ස්ථාපිත කර හැකිය:	0.40223420876076976	0.462121
349	Empathy can use the GPS to guess the location	පිහිටීම අනුමාන කිරීමට Empathyට GPS භාවිතා කල හැක	0.4021475707235425	0.598935
693	No description available.	විස්තරයක් භාවිතයට නැත.	0.4019725522631313	0.320234
558	Enable notifications when a contact comes online	සබඳතාවක් සබැඳි වෙන විට දැනුම්දීම් සක්‍රිය කරන්න	0.4017315739938971	0.350128
90	GStreamer plugins for mms, wavpack, quicktime, musepack	mms, wavpack, quicktime, musepack සඳහා වූ GStreamer ප්ලගීන	0.40156706330151254	0.765738
598	Couldn't allocate memory for loading JPEG file	JPEG ගොනුව පූරණයට මතකය වෙන් කළ නොහැක	0.40147152613416764	0.587407
1335	Set the language of the current document	දැනට ඇති ලේඛනයේ භාෂාව තෝරන්න	0.4014394759001991	0.578638
526	%s is inviting you to join %s	%s ඔබට %sට එක් වීමට ආරාධනා කරයි	0.40109713471498615	0.759375
787	Africa/Algiers	අප්‍රිකාව/ඇල්ජිරියාව	0.40082987033907264	1.0
897	Work Week	වැඩ කරන සතියMonday	0.40080620791864324	0.355263
1338	Select the _language of the current document.	දැනට ඇති ලේඛනයේ භාෂාව තෝරන්න (_l).	0.40041515753952217	0.528882
927	Permanently remove all deleted messages from this folder	මකන ලඳ සියළු පණිවිඩ මෙම බහලුමෙන් ස්ථිරවම ඉවත් කරන්න	0.40033946684874777	0.574561
981	Extraction not performed	විහිදුවීම සිදු නොවුනි	0.40028820361126644	0.760909
741	It has recurrences.	එය සතුව පුනරාවර්තනයක් ඇත.	0.40025271513687183	0.534615
635	Failed to authenticate with LDAP server.	LDAP සර්වරය සමග සත්‍යවත් කිරීම අසාර්ථකයි.	0.40023630126998977	0.723287
605	Couldn't access trash.	ීවතලන බහලුම භාවිත කළ නොහැක.	0.40012213451326833	0.536491
1179	The PNM/PBM/PGM/PPM image format family	PNM/PBM/PGM/PPM පිළිඹිබුව සංයුති කුළ	0.40003543584047946	0.55777
538	Waiting for the other participant's response	අනෙක් සහභාගිකයාගේ ප්‍රතිචාරය සඳහා රැදී සිටිමින්	0.3999063900601284	0.806944
503	Answer	පිළිතුරු දෙන්න	0.3997890737829717	0.8
1172	Maximum color value in PNM file is too large	PNM ගොනුවෙහි උපරිම වර්‍ණ අගය ඉතා විශාල වේ	0.39974038597350897	0.736508
962	Authentication failed.	තහවුරු කර ගැනීම අසමත්විය.	0.3996603881756379	0.366221
70	Cards remaining: ~a	ඉතුරුව ඇති කාඩ්පත්: ~a	0.39958602067440196	0.61087
784	(Completed	(නිම කළා Completed COMPLETED	0.39932285711830096	0.672414
1320	An error occurred while deleting a file or directory	ගොනුව හෝ බහලුම මැකීමෙදි දෝෂයක් හටගැනුණි	0.39931314307610066	0.460613
676	Assistant	සහායක	0.3992203347789968	1.0
191	Is empty	හිස්	0.3991398531224083	0.833333
344	Empathy should use the avatar of the contact as the chat window icon	Empathy, සල්ලාප කවුළු අයිකනය ලෙස සබඳතාවේ මූර්තිය භාවිතා කල යුතුය	0.3987042893809153	0.464883
1097	Failed to open '%s' for writing: %s	ලිවීම සඳහා '%s' විවෘත කිරීම අසමත්විය: %s	0.3984705446892883	0.71477
433	%s is now known as %s	%s දැන් %s ලෙස හදුන්වයි	0.3983911419066152	0.456439
982	Could not create the destination folder: %s.	අනිත් අන්තයේ නිර්මාණය කළ නොහැකිවිය: %s.	0.39828820374710366	0.593056
773	9th	9 වැනි	0.39822643588114537	0.642857
856	Date received	ලැබුනු දිනය	0.39804833816718815	1.0
347	Empathy can use the network to guess the location	පිහිටීම අනුමාන කිරීමට Empathyට ජාලය භාවිතා කල හැක	0.39786480257929824	0.62
1059	Calculator with financial and scientific modes.	මුල්‍ය සහ විද්‍යාත්මක ආකාර සමඟ ගණකය	0.3978617677247906	0.506944
1093	This build of gdk-pixbuf does not support saving the image format: %s	gdk-pixbuf ගොඩ නැගීම පිළිඹිබු සංයුතිය සුරකීමට සහාය නොදක්වයි: %s	0.3977848663453135	0.440848
204	Could not analyze disk usage.	තැටියේ හාවිතය විශ්ලේෂණය කල නොහැක.	0.39774788893727275	0.5
305	Enabled	සක්‍රිය කර ඇත	0.39771123539032854	0.785714
843	Enabled	සක්‍රීය කළා	0.39771123539032854	0.833333
748	Day View: %s. %s	දින දසුන: %s. %s	0.3975837085081613	1.0
627	Go to the next page	මීළඟ පිටුව වෙත යන්න	0.39754143716482304	0.9
1174	PNM image loader does not support this PNM subformat	PNM පිළිඹිබු පූරකය මෙම PNM උපසංයුතියට සහාය නොදක්වයි	0.39742714050992023	0.685414
1322	An error occurred	දෝෂයක් හට ගැනුනි	0.3973513757636789	0.455882
820	The time must be in the format: %s	වේලාව තිබිය යුතුම ආකාරය වනුයේ: %s	0.3973457943248391	0.463866
1269	The preview of a page in the document to be printed	මුද්‍රණයට සඳහා ඇති ලේඛනයේ පිටුවක පුර්ව දර්ශනය	0.39715955732390285	0.472408
205	You are leaving the graphical boot menu and starting the text mode interface.	ඔබ විසින් චිත්‍රක ඇරඹුම් මෙනුවෙන් ඉවත් වී වගන්ති සහිත අතුරු මුහුණත ආරම්භ කරමින් සිටියි.	0.39710806205453025	0.439685
795	Save the current file with a different name	දැනට භාවිතාවන ගොනුව වෙනස් නමකින් සුරකින්න	0.3967745254970074	0.651515
621	Go to next page	මීළඟ පිටුවට යන්න	0.3964618879006656	0.90625
814	the current time	දැන් වේලාව	0.3962894833735983	0.764706
287	The height of the assistant window.	සහකාරක වින්ඩෝවේ පළල	0.3961123873896694	0.336111
531	"Error receiving ""%s"" from %s"	"%s ගෙන් ""%s"" ලැබීමේ දෝෂයක්"	0.39602092189716975	0.588123
1007	"A folder named ""%s"" already exists. %s"	"""%s"" බහලුම දැනටමත් ඇත. %s"	0.395987086776159	0.435897
133	Cancel the task of another user	අනෙත් පරිශීලකගේ කාර්යන් අවලංගු කරන්න	0.39589884657631275	0.403716
757	Summary:	සාරාංශය:	0.3956885999321767	1.0
1378	Location:	පිහිටුම:	0.3951640245804459	1.0
1033	Location:	පිහිටිම:	0.3951640245804459	1.0
689	Location:	පිහිටීම:	0.3951640245804459	1.0
582	Location:	ස්ථානය:	0.3951640245804459	1.0
